-- phpMyAdmin SQL Dump
-- version 3.3.10.4
-- http://www.phpmyadmin.net
--
-- Host: mysql.thescotts.co
-- Generation Time: Jun 29, 2014 at 05:33 PM
-- Server version: 5.1.56
-- PHP Version: 5.3.27

SET SQL_MODE="NO_AUTO_VALUE_ON_ZERO";


/*!40101 SET @OLD_CHARACTER_SET_CLIENT=@@CHARACTER_SET_CLIENT */;
/*!40101 SET @OLD_CHARACTER_SET_RESULTS=@@CHARACTER_SET_RESULTS */;
/*!40101 SET @OLD_COLLATION_CONNECTION=@@COLLATION_CONNECTION */;
/*!40101 SET NAMES utf8 */;

--
-- Database: `nm_grandassembly_db`
--

-- --------------------------------------------------------

--
-- Table structure for table `administrators`
--

CREATE TABLE IF NOT EXISTS `administrators` (
  `name` varchar(50) NOT NULL,
  `email` varchar(60) NOT NULL
) ENGINE=MyISAM DEFAULT CHARSET=utf8;

--
-- Dumping data for table `administrators`
--

INSERT INTO `administrators` (`name`, `email`) VALUES
('Joy Scott', 'joyfitz@mac.com'),
('Phoebe Wright', 'epwright@cableone.net'),
('Keilyn Wright', 'keilynwriggit@yahoo.com'),
('Bobby Myers', 'gbmyers2@comcast.net'),
('Mary McClain', 'rmmcclain@swwmail.net');

-- --------------------------------------------------------

--
-- Table structure for table `assemblies`
--

CREATE TABLE IF NOT EXISTS `assemblies` (
  `num` int(11) DEFAULT NULL,
  `name` varchar(50) DEFAULT NULL,
  `location` varchar(50) DEFAULT NULL,
  `ma` varchar(50) DEFAULT NULL,
  `email` varchar(50) DEFAULT NULL,
  `active` int(11) DEFAULT NULL
) ENGINE=MyISAM DEFAULT CHARSET=utf8;

--
-- Dumping data for table `assemblies`
--

INSERT INTO `assemblies` (`num`, `name`, `location`, `ma`, `email`, `active`) VALUES
(1, 'Clayton', 'Clayton', '', '', 0),
(2, 'Roswell', 'Roswell', '', '', 0),
(3, 'Raton', 'Raton', '', '', 0),
(4, 'Tucumcari', 'Fort Sumner', 'Mrs. Mary McClain', '', 1),
(5, 'Portales', 'Portales', '', '', 0),
(6, 'CA Floyd Gallup', 'Gallup', '', '', 0),
(7, 'Carrizozo', 'Carrizozo', '', '', 0),
(8, 'Clovis', 'Fort Sumner', 'Mrs. Mary McClain', '', 1),
(9, 'Santa Rita-Hurley', 'Santa Rita', '', '', 0),
(10, 'Santa Fe', 'Santa Fe', '', '', 0),
(11, 'Belen', 'Belen', '', '', 0),
(12, 'Las Cruces', 'Las Cruces', '', '', 0),
(13, 'Springer', 'Springer', '', '', 0),
(14, 'Deming', 'Deming', '', '', 0),
(15, 'Hobbs', 'Hobbs', '', '', 0),
(16, 'Dawson', 'Dawson', '', '', 0),
(17, 'Lordsburg', 'Lordsburg', '', '', 0),
(18, 'Alamogordo', 'Alamogordo', 'Mrs. Carol Epperson', '', 1),
(19, 'Fort Sumner', 'Fort Sumner', '', '', 0),
(20, 'Albuquerque', 'Albuquerque', '', '', 0),
(21, 'Silver City', 'Silver City', '', '', 0),
(22, 'Elida', 'Elida', '', '', 0),
(23, 'Las Vegas', 'Las Vegas', '', '', 0),
(24, 'Lovington', 'Lovington', '', '', 0),
(25, 'Faith', 'Clovis', '', '', 0),
(26, 'Hatch', 'Hatch', '', '', 0),
(27, 'Hot Springs', 'Truth or Consequences', '', '', 0),
(28, 'Socorro', 'Socorro', '', '', 0),
(29, 'Carlsbad', 'Carlsbad', '', '', 0),
(30, 'Aztec', 'Aztec', '', '', 0),
(31, 'Santa Rosa', 'Santa Rosa', '', '', 0),
(32, 'Artesia', 'Artesia', '', '', 0),
(33, 'Anthony', 'Anthony', '', '', 0),
(34, 'Hagerman', 'Hagerman', '', '', 0),
(35, 'Farmington', 'Farmington', 'Mrs. Susan Boyles', '', 1),
(36, 'Los Alamos', 'Los Alamos', '', '', 0),
(37, 'Melrose', 'Melrose', '', '', 0),
(38, 'Espanola', 'Espanola', '', '', 0),
(39, 'Estancia', 'Estancia', '', '', 0),
(40, 'Taos', 'Taos', '', '', 0),
(41, 'Tularosa', 'Tularosa', '', '', 0),
(42, 'Love', 'Carlsbad', '', '', 0),
(43, 'Hope', 'Las Cruces', '', '', 0),
(44, 'Chaparral', 'Chaparral', '', '', 0),
(45, 'Eunice', 'Eunice', '', '', 0),
(46, 'Jal', 'Jal', '', '', 0),
(47, 'Santa Rita', 'Santa Rita', '', '', 0),
(48, 'W. Mark Sexson', 'Hobbs', '', '', 0),
(49, 'Zia', 'Roswell', '', '', 0),
(50, 'Friendship', 'Albuquerque', '', '', 0),
(51, 'Mountainair', 'Mountainair', '', '', 0),
(52, 'Ruidoso', 'Ruidoso', '', '', 0),
(53, 'Grants', 'Grants', '', '', 0),
(54, 'Tyrone', 'Tyrone', '', '', 0),
(55, 'Ruth Laws', 'Las Cruces', 'Mrs. Nicky Phillips', '', 1),
(56, 'Enchanted', 'Albuquerque', '', '', 0),
(57, 'Inspiration', 'Chama', '', '', 0),
(58, 'Ashlar', 'Albuquerque', 'Mrs. Patty Campbell', '', 1),
(59, 'CA Floyd', 'Gallup', '', '', 0),
(60, 'Dorothy Pitsford', 'Estancia', 'Mrs. Jaci Crosswhite', '', 1),
(61, 'Rio Rancho', 'Rio Rancho', 'Mrs. Christine Wurst', '', 1),
(62, 'Copper Rose', 'Silver City', 'Mrs. Sabrina Pack', '', 1);

-- --------------------------------------------------------

--
-- Table structure for table `assembly_girls`
--

CREATE TABLE IF NOT EXISTS `assembly_girls` (
  `name` varchar(50) NOT NULL,
  `assembly` int(11) NOT NULL,
  `email` varchar(60) NOT NULL
) ENGINE=MyISAM DEFAULT CHARSET=utf8;

--
-- Dumping data for table `assembly_girls`
--

INSERT INTO `assembly_girls` (`name`, `assembly`, `email`) VALUES
('\n            Suzy Sunshine\n          ', 4, '\n            sunshine@yahoo.com\n          '),
('\n            Mary McClain\n          ', 4, '\n            rmmcclain@swwmail.net\n          '),
('\n            Mary McClain\n          ', 8, '\n            rmmcclain@swwmail.net\n          '),
('\n            Suzy Sunshine\n          ', 8, '\n            sunshine@yahoo.com\n          '),
('\n            Carol Epperson\n          ', 18, '\n            epperson313@gmail.com\n          '),
('\n            Suzy Sunshine\n          ', 18, '\n            sunshine@yahoo.com\n          '),
('\n            Suzy Sunshine\n          ', 35, '\n            sunshine@yahoo.com\n          '),
('\n            Susan Boyles\n          ', 35, '\n            sboyles@fms.k12.nm.us\n          '),
('\n            Keilyn Wright\n          ', 55, '\n            keilynwriggit@yahoo.com\n          '),
('\n            Joy Scott\n          ', 55, '\n            joyfitz@mac.com\n          '),
('\n            Suzy Sunshine\n          ', 55, '\n            sunshine@yahoo.com\n          '),
('\n            Nicky Phillips\n          ', 55, '\n            nicky.phillips@ymail.com\n          '),
('\n            Phoebe Wright\n          ', 58, '\n            epwright@cableone.net\n          '),
('\n            Keilyn Wright\n          ', 58, '\n            keilynwriggit@yahoo.com\n          '),
('\n            Patty Campbell\n          ', 58, '\n            AshlarRainbowABQ@hotmail.com\n          '),
('\n            Suzy Sunshine\n          ', 58, '\n            sunshine@yahoo.com\n          '),
('\n            Jaci Crosswhite\n          ', 60, '\n            tjautosupply@qwestoffice.net\n          '),
('\n            Suzy Sunshine\n          ', 60, '\n            sunshine@yahoo.com\n          '),
('\n            Christine Wurst\n          ', 61, '\n            rioranchorainbow@gmail.com\n          '),
('\n            Suzy Sunshine\n          ', 61, '\n            sunshine@yahoo.com\n          '),
('\n            Sabrina Pack\n          ', 62, '\n            sabrina@silvercityradio.com\n          '),
('\n            Suzy Sunshine\n          ', 62, '\n            sunshine@yahoo.com\n          '),
('\n            Suzy Sunshine\n          ', 100, '\n            sunshine@yahoo.com\n          '),
('\n            Katelyn Budde\n          ', 60, '\n            \n\n\n\n\n\n\n\nkatelynbudderocks@gmail.com\n          ');

-- --------------------------------------------------------

--
-- Table structure for table `floor`
--

CREATE TABLE IF NOT EXISTS `floor` (
  `year` int(11) DEFAULT NULL,
  `rank` int(11) NOT NULL,
  `office` varchar(50) DEFAULT NULL,
  `girl` int(11) DEFAULT NULL,
  `protem` int(11) NOT NULL
) ENGINE=MyISAM DEFAULT CHARSET=utf8;

--
-- Dumping data for table `floor`
--

INSERT INTO `floor` (`year`, `rank`, `office`, `girl`, `protem`) VALUES
(2015, 1, 'Grand Worthy Advisor', 10030, 0),
(2015, 2, 'Grand Worthy Associate Advisor', 10018, 0),
(2015, 3, 'Grand Charity', 10023, 0),
(2015, 4, 'Grand Hope', 10028, 0),
(2015, 5, 'Grand Faith', 10024, 0),
(2015, 6, 'Grand Lecturer', 10022, 0),
(2015, 7, 'Grand Recorder', 10021, 0),
(2015, 8, 'Grand Treasurer', 10014, 0),
(2015, 9, 'Grand Chaplain', 10016, 0),
(2015, 10, 'Grand Drill Leader', 10012, 0),
(2015, 11, 'Grand Love', 10017, 0),
(2015, 12, 'Grand Religion', 10011, 0),
(2015, 13, 'Grand Nature', 10012, 0),
(2015, 14, 'Grand Immortality', 10015, 0),
(2015, 15, 'Grand Fidelity', 10009, 0),
(2015, 16, 'Grand Patriotism', 10010, 0),
(2015, 17, 'Grand Service', 9999, 0),
(2015, 18, 'Grand Confidential Observer', 9998, 0),
(2015, 19, 'Grand Outer Observer', 0, 0),
(2015, 20, 'Grand Musician', 10013, 0),
(2014, 1, 'Grand Worthy Advisor', 10032, 0),
(2014, 2, 'Grand Worthy Associate Advisor', 10031, 0),
(2014, 3, 'Grand Charity', 10030, 0),
(2014, 4, 'Grand Hope', 10029, 0),
(2014, 5, 'Grand Faith', 10028, 0),
(2014, 6, 'Grand Lecturer', 10027, 0),
(2014, 7, 'Grand Recorder', 10026, 0),
(2014, 8, 'Grand Treasurer', 10025, 0),
(2014, 9, 'Grand Chaplain', 10024, 0),
(2014, 10, 'Grand Drill Leader', 10023, 0),
(2014, 11, 'Grand Love', 10022, 0),
(2014, 12, 'Grand Religion', 10021, 0),
(2014, 13, 'Grand Nature', 10020, 0),
(2014, 14, 'Grand Immortality', 10019, 0),
(2014, 15, 'Grand Fidelity', 10018, 0),
(2014, 16, 'Grand Patriotism', 10017, 0),
(2014, 17, 'Grand Service', 10016, 0),
(2014, 18, 'Grand Confidential Observer', 10015, 0),
(2014, 19, 'Grand Outer Observer', 10014, 0),
(2014, 20, 'Grand Musician', 10013, 0),
(2013, 1, 'Grand Worthy Advisor', 10013, 0),
(2013, 2, 'Grand Worthy Associate Advisor', 10032, 0),
(2013, 3, 'Grand Charity', 10035, 0),
(2013, 4, 'Grand Hope', 10027, 0),
(2013, 5, 'Grand Faith', 10026, 0),
(2013, 6, 'Grand Lecturer', 10031, 0),
(2013, 7, 'Grand Recorder', 10028, 0),
(2013, 8, 'Grand Treasurer', 10044, 0),
(2013, 9, 'Grand Chaplain', 10030, 0),
(2013, 10, 'Grand Drill Leader', 10025, 0),
(2013, 11, 'Grand Love', 10029, 0),
(2013, 12, 'Grand Religion', 10043, 0),
(2013, 13, 'Grand Nature', 10011, 0),
(2013, 14, 'Grand Immortality', 10001, 0),
(2013, 15, 'Grand Fidelity', 10021, 0),
(2013, 16, 'Grand Patriotism', 10023, 0),
(2013, 17, 'Grand Service', 10024, 0),
(2013, 18, 'Grand Confidential Observer', 10039, 0),
(2013, 19, 'Grand Outer Observer', 10022, 0),
(2012, 1, 'Grand Worthy Advisor', 10036, 0),
(2012, 2, 'Grand Worthy Associate Advisor', 10041, 0),
(2012, 3, 'Grand Charity', 10032, 0),
(2012, 4, 'Grand Hope', 10035, 0),
(2012, 5, 'Grand Faith', 10013, 0),
(2012, 6, 'Grand Lecturer', 10033, 0),
(2012, 7, 'Grand Recorder', 10011, 1),
(2012, 8, 'Grand Treasurer', 10031, 0),
(2012, 9, 'Grand Chaplain', 10026, 0),
(2012, 10, 'Grand Drill Leader', 10027, 0),
(2012, 11, 'Grand Love', 10025, 0),
(2012, 12, 'Grand Religion', 10029, 0),
(2012, 13, 'Grand Nature', 10030, 0),
(2012, 14, 'Grand Immortality', 10028, 0),
(2012, 15, 'Grand Fidelity', 10024, 1),
(2012, 16, 'Grand Patriotism', 10044, 0),
(2012, 17, 'Grand Service', 10016, 1),
(2012, 18, 'Grand Confidential Observer', 10001, 0),
(2012, 19, 'Grand Outer Observer', 10043, 1),
(2011, 1, 'Grand Worthy Advisor', 10037, 0),
(2011, 2, 'Grand Worthy Associate Advisor', 10116, 1),
(2011, 3, 'Grand Charity', 10036, 0),
(2011, 4, 'Grand Hope', 10033, 0),
(2011, 5, 'Grand Faith', 10041, 0),
(2011, 6, 'Grand Recorder', 10031, 0),
(2011, 7, 'Grand Treasurer', 10034, 1),
(2011, 8, 'Grand Chaplain', 10013, 0),
(2011, 9, 'Grand Drill Leader', 10032, 0),
(2011, 10, 'Grand Love', 10030, 0),
(2011, 11, 'Grand Religion', 10026, 0),
(2011, 12, 'Grand Nature', 10045, 0),
(2011, 13, 'Grand Immortality', 10025, 0),
(2011, 14, 'Grand Fidelity', 10035, 0),
(2011, 15, 'Grand Patriotism', 10027, 0),
(2011, 16, 'Grand Service', 10046, 0),
(2011, 17, 'Grand Confidential Observer', 10040, 0),
(2011, 18, 'Grand Outer Observer', 10047, 0),
(2010, 1, 'Grand Worthy Advisor', 10112, 0),
(2010, 2, 'Grand Worthy Associate Advisor', 10114, 0),
(2010, 3, 'Grand Charity', 10108, 0),
(2010, 4, 'Grand Hope', 10111, 0),
(2010, 5, 'Grand Faith', 10109, 0),
(2010, 6, 'Grand Lecturer', 10113, 0),
(2010, 7, 'Grand Recorder', 10106, 0),
(2010, 8, 'Grand Treasurer', 10033, 0),
(2010, 9, 'Grand Chaplain', 10107, 0),
(2010, 10, 'Grand Drill Leader', 10037, 0),
(2010, 11, 'Grand Love', 10031, 0),
(2010, 12, 'Grand Religion', 10032, 0),
(2010, 13, 'Grand Nature', 10105, 0),
(2010, 14, 'Grand Immortality', 10104, 0),
(2010, 15, 'Grand Fidelity', 10103, 0),
(2010, 16, 'Grand Patriotism', 10102, 0),
(2010, 17, 'Grand Service', 10026, 0),
(2010, 18, 'Grand Confidential Observer', 10101, 0),
(2010, 19, 'Grand Outer Observer', 10100, 0),
(2009, 1, 'Grand Worthy Advisor', 10116, 0),
(2009, 2, 'Grand Worthy Associate Advisor', 10115, 0),
(2009, 3, 'Grand Charity', 10114, 0),
(2009, 4, 'Grand Hope', 10113, 0),
(2009, 5, 'Grand Faith', 10112, 0),
(2009, 6, 'Grand Recorder', 10111, 0),
(2009, 7, 'Grand Treasurer', 10110, 0),
(2009, 8, 'Grand Chaplain', 10109, 0),
(2009, 9, 'Grand Drill Leader', 10108, 0),
(2009, 10, 'Grand Love', 10037, 0),
(2009, 11, 'Grand Religion', 10107, 0),
(2009, 12, 'Grand Nature', 10106, 0),
(2009, 13, 'Grand Immortality', 10031, 0),
(2009, 14, 'Grand Fidelity', 10033, 0),
(2009, 15, 'Grand Patriotism', 10032, 0),
(2008, 1, 'Grand Worthy Advisor', 10121, 0),
(2008, 2, 'Grand Worthy Associate Advisor', 10120, 1),
(2008, 3, 'Grand Charity', 10116, 0),
(2008, 4, 'Grand Hope', 10119, 1),
(2008, 5, 'Grand Faith', 10114, 0),
(2008, 6, 'Grand Recorder', 10034, 1),
(2008, 7, 'Grand Treasurer', 10107, 1),
(2008, 8, 'Grand Chaplain', 10115, 0),
(2008, 9, 'Grand Drill Leader', 10113, 0),
(2008, 10, 'Grand Love', 10118, 0),
(2008, 11, 'Grand Religion', 10112, 0),
(2008, 12, 'Grand Nature', 10111, 0),
(2008, 13, 'Grand Immortality', 10108, 0),
(2008, 14, 'Grand Fidelity', 10110, 0),
(2008, 15, 'Grand Patriotism', 10109, 0),
(2008, 16, 'Grand Service', 10037, 0),
(2008, 17, 'Grand Confidential Observer', 10117, 0),
(2008, 18, 'Grand Outer Observer', 10106, 0),
(2007, 1, 'Grand Worthy Advisor', 10119, 0),
(2007, 2, 'Grand Worthy Associate Advisor', 10121, 0),
(2007, 3, 'Grand Charity', 10122, 0),
(2007, 4, 'Grand Hope', 10123, 0),
(2007, 5, 'Grand Faith', 10116, 0),
(2007, 5, 'Grand Lecturer', 10124, 0),
(2007, 6, 'Grand Recorder', 10124, 0),
(2007, 7, 'Grand Treasurer', 10112, 1),
(2007, 8, 'Grand Chaplain', 10125, 0),
(2007, 9, 'Grand Drill Leader', 10126, 0),
(2007, 10, 'Grand Love', 10114, 0),
(2007, 11, 'Grand Religion', 10121, 1),
(2007, 12, 'Grand Nature', 10127, 0),
(2007, 13, 'Grand Immortality', 10128, 0),
(2007, 14, 'Grand Fidelity', 10118, 0),
(2007, 15, 'Grand Patriotism', 10113, 0),
(2007, 16, 'Grand Service', 10115, 0),
(2007, 17, 'Grand Confidential Observer', 10108, 0),
(2007, 18, 'Grand Outer Observer', 10111, 0),
(2006, 1, 'Grand Worthy Advisor', 10120, 0),
(2006, 2, 'Grand Worthy Associate Advisor', 10123, 0),
(2006, 3, 'Grand Charity', 10124, 0),
(2006, 4, 'Grand Hope', 10034, 1),
(2006, 5, 'Grand Faith', 10200, 1),
(2006, 6, 'Grand Recorder', 10125, 0),
(2006, 7, 'Grand Treasurer', 10203, 0),
(2006, 8, 'Grand Chaplain', 10121, 0),
(2006, 9, 'Grand Drill Leader', 10119, 0),
(2006, 10, 'Grand Love', 10202, 0),
(2006, 11, 'Grand Religion', 10121, 0),
(2006, 12, 'Grand Nature', 10114, 1),
(2006, 13, 'Grand Immortality', 10201, 0),
(2006, 14, 'Grand Fidelity', 10126, 0),
(2006, 15, 'Grand Patriotism', 10116, 0),
(2006, 16, 'Grand Service', 10035, 0),
(2006, 17, 'Grand Confidential Observer', 10115, 0),
(2006, 18, 'Grand Outer Observer', 10128, 0),
(2005, 1, 'Grand Worthy Advisor', 10200, 0),
(2005, 2, 'Grand Worthy Associate Advisor', 10212, 0),
(2005, 3, 'Grand Charity', 10211, 0),
(2005, 4, 'Grand Hope', 10124, 0),
(2005, 5, 'Grand Faith', 10120, 0),
(2005, 5, 'Grand Lecturer', 10210, 0),
(2005, 6, 'Grand Recorder', 10209, 0),
(2005, 7, 'Grand Treasurer', 10208, 0),
(2005, 8, 'Grand Chaplain', 10207, 0),
(2005, 9, 'Grand Drill Leader', 10206, 0),
(2005, 10, 'Grand Love', 10119, 0),
(2005, 11, 'Grand Religion', 10122, 0),
(2005, 12, 'Grand Nature', 10034, 0),
(2005, 13, 'Grand Immortality', 10125, 0),
(2005, 14, 'Grand Fidelity', 10123, 0),
(2005, 15, 'Grand Patriotism', 10201, 0),
(2005, 16, 'Grand Service', 10205, 0),
(2005, 17, 'Grand Confidential Observer', 10204, 0),
(2005, 18, 'Grand Outer Observer', 10126, 0),
(2004, 1, 'Grand Worthy Advisor', 10219, 0),
(2004, 2, 'Grand Worthy Associate Advisor', 10210, 0),
(2004, 3, 'Grand Charity', 10200, 0),
(2004, 4, 'Grand Hope', 10034, 0),
(2004, 5, 'Grand Faith', 10218, 0),
(2004, 6, 'Grand Recorder', 10217, 0),
(2004, 7, 'Grand Treasurer', 10207, 0),
(2004, 8, 'Grand Chaplain', 10120, 0),
(2004, 9, 'Grand Drill Leader', 10216, 0),
(2004, 10, 'Grand Love', 10212, 0),
(2004, 11, 'Grand Religion', 10220, 0),
(2004, 12, 'Grand Nature', 10208, 0),
(2004, 13, 'Grand Immortality', 10215, 0),
(2004, 14, 'Grand Fidelity', 10211, 0),
(2004, 15, 'Grand Patriotism', 10124, 0),
(2004, 16, 'Grand Service', 10214, 0),
(2004, 17, 'Grand Confidential Observer', 10213, 1),
(2004, 18, 'Grand Outer Observer', 10123, 1),
(2003, 1, 'Grand Worthy Advisor', 10231, 0),
(2003, 2, 'Grand Worthy Associate Advisor', 10219, 0),
(2003, 3, 'Grand Charity', 10230, 0),
(2003, 4, 'Grand Hope', 10229, 0),
(2003, 5, 'Grand Faith', 10216, 0),
(2003, 6, 'Grand Lecturer', 10228, 0),
(2003, 7, 'Grand Recorder', 10034, 0),
(2003, 8, 'Grand Treasurer', 10227, 1),
(2003, 9, 'Grand Chaplain', 10210, 0),
(2003, 10, 'Grand Drill Leader', 10200, 0),
(2003, 11, 'Grand Love', 10218, 0),
(2003, 12, 'Grand Religion', 10226, 0),
(2003, 13, 'Grand Nature', 10207, 0),
(2003, 13, 'Grand Immortality', 10124, 1),
(2003, 14, 'Grand Immortality', 10206, 0),
(2003, 15, 'Grand Fidelity', 10225, 0),
(2003, 16, 'Grand Patriotism', 10224, 0),
(2003, 17, 'Grand Service', 10223, 0),
(2003, 18, 'Grand Confidential Observer', 10210, 0),
(2003, 19, 'Grand Outer Observer', 10222, 0),
(2003, 20, 'Grand Choir Director', 10221, 0),
(2002, 1, 'Grand Worthy Advisor', 10241, 0),
(2002, 2, 'Grand Worthy Associate Advisor', 10231, 0),
(2002, 3, 'Grand Charity', 10240, 0),
(2002, 4, 'Grand Hope', 10239, 0),
(2002, 5, 'Grand Faith', 10238, 0),
(2002, 6, 'Grand Lecturer', 10237, 0),
(2002, 7, 'Grand Recorder', 10236, 0),
(2002, 8, 'Grand Treasurer', 10210, 0),
(2002, 9, 'Grand Chaplain', 10235, 0),
(2002, 10, 'Grand Drill Leader', 10219, 0),
(2002, 11, 'Grand Love', 10200, 0),
(2002, 12, 'Grand Religion', 10234, 0),
(2002, 13, 'Grand Nature', 10216, 0),
(2002, 14, 'Grand Immortality', 10233, 0),
(2002, 15, 'Grand Fidelity', 10207, 0),
(2002, 16, 'Grand Patriotism', 10232, 0),
(2002, 17, 'Grand Service', 10217, 0),
(2002, 18, 'Grand Confidential Observer', 10224, 0),
(2002, 19, 'Grand Choir Director', 10226, 0),
(2001, 1, 'Grand Worthy Advisor', 10250, 0),
(2001, 2, 'Grand Worthy Associate Advisor', 10241, 0),
(2001, 3, 'Grand Charity', 10231, 0),
(2001, 4, 'Grand Hope', 10251, 0),
(2001, 5, 'Grand Faith', 10237, 0),
(2001, 6, 'Grand Lecturer', 10249, 0),
(2001, 7, 'Grand Recorder', 10248, 0),
(2001, 8, 'Grand Treasurer', 10034, 0),
(2001, 9, 'Grand Chaplain', 10240, 0),
(2001, 10, 'Grand Drill Leader', 10229, 0),
(2001, 11, 'Grand Love', 10228, 0),
(2001, 12, 'Grand Religion', 10247, 0),
(2001, 13, 'Grand Nature', 10239, 0),
(2001, 14, 'Grand Immortality', 10246, 0),
(2001, 15, 'Grand Fidelity', 10245, 0),
(2001, 16, 'Grand Patriotism', 10230, 0),
(2001, 17, 'Grand Service', 10244, 0),
(2001, 18, 'Grand Confidential Observer', 10243, 0),
(2001, 19, 'Grand Choir Director', 10242, 0),
(2001, 20, 'Grand Musician', 10235, 0),
(1998, 1, 'Grand Worthy Advisor', 10418, 0),
(1998, 2, 'Grand Worthy Associate Advisor', 10417, 0),
(1998, 3, 'Grand Charity', 10416, 0),
(1998, 4, 'Grand Hope', 10415, 0),
(1998, 5, 'Grand Faith', 10414, 0),
(1998, 7, 'Grand Recorder', 10413, 0),
(1998, 8, 'Grand Treasurer', 10412, 1),
(1998, 9, 'Grand Chaplain', 10411, 0),
(1998, 10, 'Grand Drill Leader', 10410, 0),
(1998, 11, 'Grand Love', 10409, 0),
(1998, 12, 'Grand Religion', 10408, 0),
(1998, 13, 'Grand Nature', 10407, 0),
(1998, 14, 'Grand Immortality', 10249, 0),
(1998, 15, 'Grand Fidelity', 10406, 0),
(1998, 16, 'Grand Patriotism', 10405, 0),
(1998, 17, 'Grand Service', 10404, 0),
(1998, 18, 'Grand Confidential Observer', 10403, 0),
(1998, 19, 'Grand Outer Observer', 10402, 0),
(1998, 19, 'Grand Choir Director', 10400, 1),
(1998, 20, 'Grand Musician', 10401, 0),
(1997, 1, 'Grand Worthy Advisor', 10434, 0),
(1997, 2, 'Grand Worthy Associate Advisor', 10418, 0),
(1997, 3, 'Grand Charity', 10433, 0),
(1997, 4, 'Grand Hope', 10432, 0),
(1997, 5, 'Grand Faith', 10401, 0),
(1997, 7, 'Grand Recorder', 10431, 0),
(1997, 8, 'Grand Treasurer', 10430, 1),
(1997, 9, 'Grand Chaplain', 10411, 0),
(1997, 10, 'Grand Drill Leader', 10429, 0),
(1997, 11, 'Grand Love', 10400, 0),
(1997, 12, 'Grand Religion', 10428, 0),
(1997, 13, 'Grand Nature', 10427, 1),
(1997, 14, 'Grand Immortality', 10426, 0),
(1997, 15, 'Grand Fidelity', 10425, 0),
(1997, 16, 'Grand Patriotism', 10424, 0),
(1997, 17, 'Grand Service', 10423, 0),
(1997, 18, 'Grand Confidential Observer', 10422, 1),
(1997, 19, 'Grand Outer Observer', 10421, 0),
(1997, 19, 'Grand Choir Director', 10419, 0),
(1997, 20, 'Grand Musician', 10420, 0),
(1996, 1, 'Grand Worthy Advisor', 10449, 0),
(1996, 2, 'Grand Worthy Associate Advisor', 10434, 0),
(1996, 3, 'Grand Charity', 10448, 0),
(1996, 4, 'Grand Hope', 10447, 0),
(1996, 5, 'Grand Faith', 10446, 0),
(1996, 7, 'Grand Recorder', 10445, 0),
(1996, 8, 'Grand Treasurer', 10444, 1),
(1996, 9, 'Grand Chaplain', 10443, 0),
(1996, 10, 'Grand Drill Leader', 10442, 0),
(1996, 11, 'Grand Love', 10441, 0),
(1996, 12, 'Grand Religion', 10440, 0),
(1996, 13, 'Grand Nature', 10439, 0),
(1996, 14, 'Grand Immortality', 10438, 0),
(1996, 15, 'Grand Fidelity', 10437, 0),
(1996, 16, 'Grand Patriotism', 10436, 0),
(1996, 17, 'Grand Service', 10435, 1),
(1996, 18, 'Grand Confidential Observer', 10410, 0),
(1996, 19, 'Grand Outer Observer', 10249, 1),
(1996, 19, 'Grand Choir Director', 10423, 0),
(1996, 20, 'Grand Musician', 10401, 0),
(1995, 1, 'Grand Worthy Advisor', 10465, 0),
(1995, 2, 'Grand Worthy Associate Advisor', 10449, 0),
(1995, 3, 'Grand Charity', 10464, 0),
(1995, 4, 'Grand Hope', 10463, 0),
(1995, 5, 'Grand Faith', 10462, 0),
(1995, 7, 'Grand Recorder', 10446, 0),
(1995, 8, 'Grand Treasurer', 10461, 0),
(1995, 9, 'Grand Chaplain', 10460, 0),
(1995, 10, 'Grand Drill Leader', 10459, 0),
(1995, 11, 'Grand Love', 10458, 0),
(1995, 12, 'Grand Religion', 10457, 0),
(1995, 13, 'Grand Nature', 10456, 0),
(1995, 14, 'Grand Immortality', 10432, 0),
(1995, 15, 'Grand Fidelity', 10455, 0),
(1995, 16, 'Grand Patriotism', 10454, 0),
(1995, 17, 'Grand Service', 10453, 0),
(1995, 18, 'Grand Confidential Observer', 10452, 0),
(1995, 19, 'Grand Outer Observer', 10451, 0),
(1995, 19, 'Grand Choir Director', 10434, 0),
(1995, 20, 'Grand Musician', 10450, 0),
(1994, 1, 'Grand Worthy Advisor', 10512, 0),
(1994, 2, 'Grand Worthy Associate Advisor', 10465, 0),
(1994, 3, 'Grand Charity', 10511, 0),
(1994, 4, 'Grand Hope', 10510, 0),
(1994, 5, 'Grand Faith', 10509, 0),
(1994, 7, 'Grand Recorder', 10508, 0),
(1994, 8, 'Grand Treasurer', 10507, 0),
(1994, 9, 'Grand Chaplain', 10506, 0),
(1994, 10, 'Grand Drill Leader', 10505, 0),
(1994, 11, 'Grand Love', 10504, 0),
(1994, 12, 'Grand Religion', 10503, 0),
(1994, 13, 'Grand Nature', 10420, 0),
(1994, 14, 'Grand Immortality', 10502, 0),
(1994, 15, 'Grand Fidelity', 10448, 0),
(1994, 16, 'Grand Patriotism', 10462, 0),
(1994, 17, 'Grand Service', 10460, 0),
(1994, 18, 'Grand Confidential Observer', 10501, 0),
(1994, 19, 'Grand Outer Observer', 10500, 0),
(1993, 1, 'Grand Worthy Advisor', 10523, 0),
(1993, 2, 'Grand Worthy Associate Advisor', 10512, 0),
(1993, 3, 'Grand Charity', 10522, 0),
(1993, 4, 'Grand Hope', 10521, 0),
(1993, 5, 'Grand Faith', 10524, 0),
(1993, 7, 'Grand Recorder', 10525, 0),
(1993, 8, 'Grand Treasurer', 10506, 0),
(1993, 9, 'Grand Chaplain', 10520, 0),
(1993, 10, 'Grand Drill Leader', 10464, 0),
(1993, 11, 'Grand Love', 10519, 0),
(1993, 12, 'Grand Religion', 10518, 0),
(1993, 13, 'Grand Nature', 10517, 0),
(1993, 14, 'Grand Immortality', 10516, 0),
(1993, 15, 'Grand Fidelity', 10526, 0),
(1993, 16, 'Grand Patriotism', 10441, 0),
(1993, 17, 'Grand Service', 10515, 0),
(1993, 18, 'Grand Confidential Observer', 10514, 0),
(1993, 19, 'Grand Outer Observer', 10507, 0),
(1993, 21, 'Grand Choir Director', 10503, 0),
(1993, 20, 'Grand Musician', 10513, 0),
(1992, 1, 'Grand Worthy Advisor', 10541, 0),
(1992, 2, 'Grand Worthy Associate Advisor', 10523, 0),
(1992, 3, 'Grand Charity', 10540, 0),
(1992, 4, 'Grand Hope', 10539, 0),
(1992, 5, 'Grand Faith', 10538, 0),
(1992, 7, 'Grand Recorder', 10537, 0),
(1992, 8, 'Grand Treasurer', 10536, 0),
(1992, 9, 'Grand Chaplain', 10512, 1),
(1992, 10, 'Grand Drill Leader', 10465, 0),
(1992, 11, 'Grand Love', 10535, 0),
(1992, 12, 'Grand Religion', 10534, 0),
(1992, 13, 'Grand Nature', 10533, 0),
(1992, 14, 'Grand Immortality', 10532, 0),
(1992, 15, 'Grand Fidelity', 10531, 0),
(1992, 16, 'Grand Patriotism', 10510, 0),
(1992, 17, 'Grand Service', 10530, 0),
(1992, 18, 'Grand Confidential Observer', 10529, 0),
(1992, 19, 'Grand Outer Observer', 10528, 0),
(1992, 21, 'Grand Choir Director', 10517, 0),
(1992, 20, 'Grand Musician', 10527, 0),
(1991, 1, 'Grand Worthy Advisor', 10618, 0),
(1991, 2, 'Grand Worthy Associate Advisor', 10541, 0),
(1991, 3, 'Grand Charity', 10617, 0),
(1991, 4, 'Grand Hope', 10616, 0),
(1991, 5, 'Grand Faith', 10615, 0),
(1991, 7, 'Grand Recorder', 10614, 0),
(1991, 8, 'Grand Treasurer', 10613, 0),
(1991, 9, 'Grand Chaplain', 10612, 0),
(1991, 10, 'Grand Drill Leader', 10611, 0),
(1991, 11, 'Grand Love', 10610, 0),
(1991, 12, 'Grand Religion', 10609, 0),
(1991, 13, 'Grand Nature', 10608, 0),
(1991, 14, 'Grand Immortality', 10607, 0),
(1991, 15, 'Grand Fidelity', 10606, 0),
(1991, 16, 'Grand Patriotism', 10605, 0),
(1991, 17, 'Grand Service', 10604, 0),
(1991, 18, 'Grand Confidential Observer', 10603, 0),
(1991, 19, 'Grand Outer Observer', 10602, 0),
(1991, 21, 'Grand Choir Director', 10600, 0),
(1991, 20, 'Grand Musician', 10601, 0),
(1990, 1, 'Grand Worthy Advisor', 10636, 0),
(1990, 2, 'Grand Worthy Associate Advisor', 10618, 0),
(1990, 3, 'Grand Charity', 10601, 0),
(1990, 4, 'Grand Hope', 10635, 0),
(1990, 5, 'Grand Faith', 10634, 0),
(1990, 7, 'Grand Recorder', 10633, 0),
(1990, 8, 'Grand Treasurer', 10632, 0),
(1990, 9, 'Grand Chaplain', 10631, 0),
(1990, 10, 'Grand Drill Leader', 10630, 0),
(1990, 11, 'Grand Love', 10629, 0),
(1990, 12, 'Grand Religion', 10628, 0),
(1990, 13, 'Grand Nature', 10627, 0),
(1990, 14, 'Grand Immortality', 10626, 0),
(1990, 15, 'Grand Fidelity', 10523, 0),
(1990, 16, 'Grand Patriotism', 10624, 0),
(1990, 17, 'Grand Service', 10623, 0),
(1990, 18, 'Grand Confidential Observer', 10622, 0),
(1990, 19, 'Grand Outer Observer', 10621, 0),
(1990, 21, 'Grand Choir Director', 10619, 0),
(1990, 20, 'Grand Musician', 10620, 0),
(1989, 1, 'Grand Worthy Advisor', 10651, 0),
(1989, 2, 'Grand Worthy Associate Advisor', 10636, 0),
(1989, 3, 'Grand Charity', 10650, 0),
(1989, 4, 'Grand Hope', 10649, 0),
(1989, 5, 'Grand Faith', 10648, 0),
(1989, 7, 'Grand Recorder', 10647, 0),
(1989, 8, 'Grand Treasurer', 10646, 0),
(1989, 9, 'Grand Chaplain', 10645, 0),
(1989, 10, 'Grand Drill Leader', 10644, 0),
(1989, 11, 'Grand Love', 10643, 0),
(1989, 12, 'Grand Religion', 10642, 0),
(1989, 13, 'Grand Nature', 10617, 0),
(1989, 14, 'Grand Immortality', 10635, 0),
(1989, 15, 'Grand Fidelity', 10601, 0),
(1989, 16, 'Grand Patriotism', 10618, 0),
(1989, 17, 'Grand Service', 10641, 0),
(1989, 18, 'Grand Confidential Observer', 10640, 0),
(1989, 19, 'Grand Outer Observer', 10639, 0),
(1989, 21, 'Grand Choir Director', 10637, 0),
(1989, 20, 'Grand Musician', 10638, 0),
(1988, 1, 'Grand Worthy Advisor', 10716, 0),
(1988, 2, 'Grand Worthy Associate Advisor', 10651, 0),
(1988, 3, 'Grand Charity', 10715, 0),
(1988, 4, 'Grand Hope', 10714, 0),
(1988, 5, 'Grand Faith', 10713, 0),
(1988, 7, 'Grand Recorder', 10712, 0),
(1988, 8, 'Grand Treasurer', 10711, 0),
(1988, 9, 'Grand Chaplain', 10710, 0),
(1988, 10, 'Grand Drill Leader', 10709, 0),
(1988, 11, 'Grand Love', 10708, 0),
(1988, 12, 'Grand Religion', 10707, 0),
(1988, 13, 'Grand Nature', 10706, 0),
(1988, 14, 'Grand Immortality', 10705, 0),
(1988, 15, 'Grand Fidelity', 10704, 0),
(1988, 16, 'Grand Patriotism', 10611, 0),
(1988, 17, 'Grand Service', 10703, 0),
(1988, 18, 'Grand Confidential Observer', 10702, 0),
(1988, 19, 'Grand Outer Observer', 10701, 0),
(1988, 21, 'Grand Choir Director', 10700, 0),
(1988, 20, 'Grand Musician', 10601, 0),
(1987, 1, 'Grand Worthy Advisor', 10799, 0),
(1987, 2, 'Grand Worthy Associate Advisor', 10716, 0),
(1987, 3, 'Grand Charity', 10730, 0),
(1987, 4, 'Grand Hope', 10638, 0),
(1987, 5, 'Grand Faith', 10729, 0),
(1987, 7, 'Grand Recorder', 10635, 1),
(1987, 8, 'Grand Treasurer', 10802, 0),
(1987, 9, 'Grand Chaplain', 10728, 0),
(1987, 10, 'Grand Drill Leader', 10727, 0),
(1987, 11, 'Grand Love', 10651, 0),
(1987, 12, 'Grand Religion', 10726, 0),
(1987, 13, 'Grand Nature', 10725, 0),
(1987, 14, 'Grand Immortality', 10724, 0),
(1987, 15, 'Grand Fidelity', 10723, 0),
(1987, 16, 'Grand Patriotism', 10722, 0),
(1987, 17, 'Grand Service', 10721, 0),
(1987, 18, 'Grand Confidential Observer', 10720, 0),
(1987, 19, 'Grand Outer Observer', 10719, 0),
(1987, 21, 'Grand Choir Director', 10717, 0),
(1987, 20, 'Grand Musician', 10718, 0),
(1986, 1, 'Grand Worthy Advisor', 10816, 0),
(1986, 2, 'Grand Worthy Associate Advisor', 10799, 0),
(1986, 3, 'Grand Charity', 10815, 0),
(1986, 4, 'Grand Hope', 10814, 0),
(1986, 5, 'Grand Faith', 10813, 0),
(1986, 7, 'Grand Recorder', 10812, 0),
(1986, 8, 'Grand Treasurer', 10811, 0),
(1986, 9, 'Grand Chaplain', 10715, 0),
(1986, 10, 'Grand Drill Leader', 10716, 0),
(1986, 11, 'Grand Love', 10810, 0),
(1986, 12, 'Grand Religion', 10809, 0),
(1986, 13, 'Grand Nature', 10808, 0),
(1986, 14, 'Grand Immortality', 10807, 0),
(1986, 15, 'Grand Fidelity', 10806, 0),
(1986, 16, 'Grand Patriotism', 10805, 0),
(1986, 17, 'Grand Service', 10804, 0),
(1986, 18, 'Grand Confidential Observer', 10803, 0),
(1986, 19, 'Grand Outer Observer', 10802, 0),
(1986, 21, 'Grand Choir Director', 10800, 0),
(1986, 20, 'Grand Musician', 10801, 0),
(1985, 1, 'Grand Worthy Advisor', 10832, 0),
(1985, 2, 'Grand Worthy Associate Advisor', 10816, 0),
(1985, 3, 'Grand Charity', 10831, 0),
(1985, 4, 'Grand Hope', 10830, 0),
(1985, 5, 'Grand Faith', 10829, 0),
(1985, 7, 'Grand Recorder', 10828, 0),
(1985, 8, 'Grand Treasurer', 10827, 0),
(1985, 9, 'Grand Chaplain', 10826, 0),
(1985, 10, 'Grand Drill Leader', 10799, 0),
(1985, 11, 'Grand Love', 10825, 0),
(1985, 12, 'Grand Religion', 10815, 0),
(1985, 13, 'Grand Nature', 10730, 0),
(1985, 14, 'Grand Immortality', 10823, 0),
(1985, 15, 'Grand Fidelity', 10822, 0),
(1985, 16, 'Grand Patriotism', 10821, 0),
(1985, 17, 'Grand Service', 10820, 0),
(1985, 18, 'Grand Confidential Observer', 10819, 0),
(1985, 19, 'Grand Outer Observer', 10818, 0),
(1985, 20, 'Grand Musician', 10817, 0),
(1984, 1, 'Grand Worthy Advisor', 10914, 0),
(1984, 2, 'Grand Worthy Associate Advisor', 10832, 0),
(1984, 3, 'Grand Charity', 10913, 0),
(1984, 4, 'Grand Hope', 10912, 0),
(1984, 5, 'Grand Faith', 10911, 0),
(1984, 7, 'Grand Recorder', 10910, 0),
(1984, 8, 'Grand Treasurer', 10816, 0),
(1984, 9, 'Grand Chaplain', 10909, 0),
(1984, 10, 'Grand Drill Leader', 10829, 0),
(1984, 11, 'Grand Love', 10908, 0),
(1984, 12, 'Grand Religion', 10907, 0),
(1984, 13, 'Grand Nature', 10906, 0),
(1984, 14, 'Grand Immortality', 10905, 0),
(1984, 15, 'Grand Fidelity', 10904, 0),
(1984, 16, 'Grand Patriotism', 10903, 0),
(1984, 17, 'Grand Service', 10902, 0),
(1984, 18, 'Grand Confidential Observer', 10827, 0),
(1984, 19, 'Grand Outer Observer', 10901, 0),
(1984, 20, 'Grand Musician', 10900, 0),
(1982, 1, 'Grand Worthy Advisor', 11016, 0),
(1982, 2, 'Grand Worthy Associate Advisor', 10999, 0),
(1982, 3, 'Grand Charity', 11015, 0),
(1982, 4, 'Grand Hope', 11014, 0),
(1982, 5, 'Grand Faith', 11013, 0),
(1982, 7, 'Grand Recorder', 11012, 0),
(1982, 8, 'Grand Treasurer', 11011, 0),
(1982, 9, 'Grand Chaplain', 11010, 0),
(1982, 10, 'Grand Drill Leader', 11009, 0),
(1982, 11, 'Grand Love', 11008, 0),
(1982, 12, 'Grand Religion', 11007, 0),
(1982, 13, 'Grand Nature', 11006, 0),
(1982, 14, 'Grand Immortality', 11005, 0),
(1982, 15, 'Grand Fidelity', 11004, 0),
(1982, 16, 'Grand Patriotism', 10914, 0),
(1982, 17, 'Grand Service', 10832, 0),
(1982, 18, 'Grand Confidential Observer', 11003, 0),
(1982, 19, 'Grand Outer Observer', 11002, 0),
(1982, 20, 'Grand Musician', 11001, 0),
(1982, 21, 'Grand Choir Director', 11000, 0),
(1981, 1, 'Grand Worthy Advisor', 11216, 0),
(1981, 2, 'Grand Worthy Associate Advisor', 11016, 0),
(1981, 3, 'Grand Charity', 11215, 0),
(1981, 4, 'Grand Hope', 11214, 0),
(1981, 5, 'Grand Faith', 11213, 0),
(1981, 7, 'Grand Recorder', 11212, 0),
(1981, 8, 'Grand Treasurer', 11211, 0),
(1981, 9, 'Grand Chaplain', 11014, 0),
(1981, 10, 'Grand Drill Leader', 11210, 0),
(1981, 11, 'Grand Love', 11209, 0),
(1981, 12, 'Grand Religion', 11208, 0),
(1981, 13, 'Grand Nature', 10999, 0),
(1981, 14, 'Grand Immortality', 11207, 0),
(1981, 15, 'Grand Fidelity', 11206, 0),
(1981, 16, 'Grand Patriotism', 11205, 0),
(1981, 17, 'Grand Service', 11204, 0),
(1981, 18, 'Grand Confidential Observer', 11203, 0),
(1981, 19, 'Grand Outer Observer', 11202, 0),
(1981, 20, 'Grand Musician', 11201, 0),
(1981, 21, 'Grand Choir Director', 11200, 0),
(1980, 1, 'Grand Worthy Advisor', 11317, 0),
(1980, 2, 'Grand Worthy Associate Advisor', 11216, 0),
(1980, 3, 'Grand Charity', 11316, 0),
(1980, 4, 'Grand Hope', 11315, 0),
(1980, 5, 'Grand Faith', 11314, 0),
(1980, 7, 'Grand Recorder', 11313, 0),
(1980, 8, 'Grand Treasurer', 11312, 0),
(1980, 9, 'Grand Chaplain', 11311, 0),
(1980, 10, 'Grand Drill Leader', 11310, 0),
(1980, 11, 'Grand Love', 11309, 0),
(1980, 12, 'Grand Religion', 11214, 0),
(1980, 13, 'Grand Nature', 11308, 0),
(1980, 14, 'Grand Immortality', 11307, 0),
(1980, 15, 'Grand Fidelity', 11306, 0),
(1980, 16, 'Grand Patriotism', 11305, 0),
(1980, 17, 'Grand Service', 11304, 0),
(1980, 18, 'Grand Confidential Observer', 11303, 0),
(1980, 19, 'Grand Outer Observer', 11302, 0),
(1980, 20, 'Grand Musician', 11301, 0),
(1980, 21, 'Grand Choir Director', 11300, 0),
(1979, 1, 'Grand Worthy Advisor', 11418, 0),
(1979, 2, 'Grand Worthy Associate Advisor', 11317, 0),
(1979, 3, 'Grand Charity', 11417, 0),
(1979, 4, 'Grand Hope', 11416, 0),
(1979, 5, 'Grand Faith', 11415, 0),
(1979, 7, 'Grand Recorder', 11414, 0),
(1979, 8, 'Grand Treasurer', 11413, 0),
(1979, 9, 'Grand Chaplain', 11412, 0),
(1979, 10, 'Grand Drill Leader', 11411, 0),
(1979, 11, 'Grand Love', 11410, 0),
(1979, 12, 'Grand Religion', 11409, 0),
(1979, 13, 'Grand Nature', 11408, 0),
(1979, 14, 'Grand Immortality', 11407, 0),
(1979, 15, 'Grand Fidelity', 11406, 0),
(1979, 16, 'Grand Patriotism', 11405, 0),
(1979, 17, 'Grand Service', 11404, 0),
(1979, 18, 'Grand Confidential Observer', 11403, 0),
(1979, 19, 'Grand Outer Observer', 11402, 0),
(1979, 20, 'Grand Musician', 11401, 0),
(1979, 21, 'Grand Choir Director', 11400, 0),
(1978, 1, 'Grand Worthy Advisor', 11517, 0),
(1978, 2, 'Grand Worthy Associate Advisor', 11418, 0),
(1978, 3, 'Grand Charity', 11516, 0),
(1978, 4, 'Grand Hope', 11515, 0),
(1978, 5, 'Grand Faith', 11514, 0),
(1978, 7, 'Grand Recorder', 11513, 0),
(1978, 8, 'Grand Treasurer', 11512, 0),
(1978, 9, 'Grand Chaplain', 11511, 0),
(1978, 10, 'Grand Drill Leader', 11510, 0),
(1978, 11, 'Grand Love', 11509, 0),
(1978, 12, 'Grand Religion', 11508, 0),
(1978, 13, 'Grand Nature', 11507, 0),
(1978, 14, 'Grand Immortality', 11506, 0),
(1978, 15, 'Grand Fidelity', 11505, 0),
(1978, 16, 'Grand Patriotism', 11504, 0),
(1978, 17, 'Grand Service', 11503, 0),
(1978, 18, 'Grand Confidential Observer', 11502, 0),
(1978, 19, 'Grand Outer Observer', 11501, 0),
(1978, 20, 'Grand Musician', 11415, 0),
(1978, 21, 'Grand Choir Director', 11500, 0),
(1977, 1, 'Grand Worthy Advisor', 11617, 0),
(1977, 2, 'Grand Worthy Associate Advisor', 11517, 0),
(1977, 3, 'Grand Charity', 11616, 0),
(1977, 4, 'Grand Hope', 11615, 0),
(1977, 5, 'Grand Faith', 11614, 0),
(1977, 7, 'Grand Recorder', 11613, 0),
(1977, 8, 'Grand Treasurer', 11612, 0),
(1977, 9, 'Grand Chaplain', 11611, 0),
(1977, 10, 'Grand Drill Leader', 11610, 0),
(1977, 11, 'Grand Love', 11609, 0),
(1977, 12, 'Grand Religion', 11608, 0),
(1977, 13, 'Grand Nature', 11607, 0),
(1977, 14, 'Grand Immortality', 11606, 0),
(1977, 15, 'Grand Fidelity', 11605, 0),
(1977, 16, 'Grand Patriotism', 11604, 0),
(1977, 17, 'Grand Service', 11515, 0),
(1977, 18, 'Grand Confidential Observer', 11603, 0),
(1977, 19, 'Grand Outer Observer', 11602, 0),
(1977, 20, 'Grand Musician', 11601, 0),
(1977, 21, 'Grand Choir Director', 11600, 0),
(1976, 1, 'Grand Worthy Advisor', 11717, 0),
(1976, 2, 'Grand Worthy Associate Advisor', 11617, 0),
(1976, 3, 'Grand Charity', 11716, 0),
(1976, 4, 'Grand Hope', 11715, 0),
(1976, 5, 'Grand Faith', 11714, 0),
(1976, 7, 'Grand Recorder', 11713, 0),
(1976, 8, 'Grand Treasurer', 11712, 0),
(1976, 9, 'Grand Chaplain', 11711, 0),
(1976, 10, 'Grand Drill Leader', 11710, 0),
(1976, 11, 'Grand Love', 11709, 0),
(1976, 12, 'Grand Religion', 11708, 0),
(1976, 13, 'Grand Nature', 11707, 0),
(1976, 14, 'Grand Immortality', 11706, 0),
(1976, 15, 'Grand Fidelity', 11705, 0),
(1976, 16, 'Grand Patriotism', 11616, 0),
(1976, 17, 'Grand Service', 11704, 0),
(1976, 18, 'Grand Confidential Observer', 11703, 0),
(1976, 19, 'Grand Outer Observer', 11702, 0),
(1976, 20, 'Grand Musician', 11701, 0),
(1976, 21, 'Grand Choir Director', 11700, 0),
(1975, 1, 'Grand Worthy Advisor', 11817, 0),
(1975, 2, 'Grand Worthy Associate Advisor', 11717, 0),
(1975, 3, 'Grand Charity', 11816, 0),
(1975, 4, 'Grand Hope', 11815, 0),
(1975, 5, 'Grand Faith', 11814, 0),
(1975, 7, 'Grand Recorder', 11813, 0),
(1975, 8, 'Grand Treasurer', 11812, 0),
(1975, 9, 'Grand Chaplain', 11811, 0),
(1975, 10, 'Grand Drill Leader', 11810, 0),
(1975, 11, 'Grand Love', 11809, 0),
(1975, 12, 'Grand Religion', 11808, 0),
(1975, 13, 'Grand Nature', 11807, 0),
(1975, 14, 'Grand Immortality', 11714, 0),
(1975, 15, 'Grand Fidelity', 11806, 0),
(1975, 16, 'Grand Patriotism', 11805, 0),
(1975, 17, 'Grand Service', 11804, 0),
(1975, 18, 'Grand Confidential Observer', 11803, 0),
(1975, 19, 'Grand Outer Observer', 11802, 0),
(1975, 20, 'Grand Musician', 11801, 0),
(1975, 21, 'Grand Choir Director', 11800, 0),
(1974, 1, 'Grand Worthy Advisor', 11918, 0),
(1974, 2, 'Grand Worthy Associate Advisor', 11817, 0),
(1974, 3, 'Grand Charity', 11917, 0),
(1974, 4, 'Grand Hope', 11916, 0),
(1974, 5, 'Grand Faith', 11915, 0),
(1974, 7, 'Grand Recorder', 11914, 0),
(1974, 8, 'Grand Treasurer', 11913, 0),
(1974, 9, 'Grand Chaplain', 11912, 0),
(1974, 10, 'Grand Drill Leader', 11911, 0),
(1974, 11, 'Grand Love', 11910, 0),
(1974, 12, 'Grand Religion', 11909, 0),
(1974, 13, 'Grand Nature', 11908, 0),
(1974, 14, 'Grand Immortality', 11907, 0),
(1974, 15, 'Grand Fidelity', 11906, 0),
(1974, 16, 'Grand Patriotism', 11905, 0),
(1974, 17, 'Grand Service', 11904, 0),
(1974, 18, 'Grand Confidential Observer', 11903, 0),
(1974, 19, 'Grand Outer Observer', 11902, 0),
(1974, 20, 'Grand Musician', 11901, 0),
(1974, 21, 'Grand Choir Director', 11900, 0),
(1973, 1, 'Grand Worthy Advisor', 12017, 0),
(1973, 2, 'Grand Worthy Associate Advisor', 11918, 0),
(1973, 3, 'Grand Charity', 12016, 0),
(1973, 4, 'Grand Hope', 12015, 0),
(1973, 5, 'Grand Faith', 12014, 0),
(1973, 7, 'Grand Recorder', 12013, 0),
(1973, 8, 'Grand Treasurer', 12012, 0),
(1973, 9, 'Grand Chaplain', 12011, 0),
(1973, 10, 'Grand Drill Leader', 12010, 0),
(1973, 11, 'Grand Love', 11717, 0),
(1973, 12, 'Grand Religion', 12009, 0),
(1973, 13, 'Grand Nature', 12008, 0),
(1973, 14, 'Grand Immortality', 12007, 0),
(1973, 15, 'Grand Fidelity', 12006, 0),
(1973, 16, 'Grand Patriotism', 12005, 0),
(1973, 17, 'Grand Service', 12004, 0),
(1973, 18, 'Grand Confidential Observer', 12003, 0),
(1973, 19, 'Grand Outer Observer', 12002, 0),
(1973, 20, 'Grand Musician', 12001, 0),
(1973, 21, 'Grand Choir Director', 12000, 0);

-- --------------------------------------------------------

--
-- Table structure for table `ga_members`
--

CREATE TABLE IF NOT EXISTS `ga_members` (
  `name` varchar(60) NOT NULL,
  `email` varchar(60) NOT NULL
) ENGINE=MyISAM DEFAULT CHARSET=utf8;

--
-- Dumping data for table `ga_members`
--

INSERT INTO `ga_members` (`name`, `email`) VALUES
('\n            \n            Amber Deveraux\n          \n        ', '\n            \n            dancechickeebabe89@comcast.net\n   '),
('\n            \n            Andrea Harbison\n          \n       ', '\n            \n            jazzislife@hotmail.com\n          \n'),
('\n            \n            Ariana Collins\n          \n        ', '\n            \n            prettyinpnk0315@aol.com\n          '),
('\n            \n            Benee Ketchum\n          \n         ', '\n            \n            bdketchum1944@gmail.com\n          '),
('\n            \n            Bert Atkins\n          \n          ', '\n            \n            s.b.a.al@zianet.com\n          \n   '),
('\n            \n            Bethany Burke\n          \n         ', '\n            \n            bburke1109@gmail.com\n          \n  '),
('\n            \n            Bianca Smoker\n          \n         ', '\n            \n            bonkabee@cybermesa.com\n          \n'),
('\n            \n            Bianca Smoker\n          \n         ', '\n            \n            bonkabee@uw.edu\n          \n       '),
('\n            \n            Bobby Myers\n          \n          ', '\n            \n            gbmyers2@comcast.net\n          \n  '),
('\n            \n            Camille Roy\n          \n          ', '\n            \n            royeco3270@gmail.com\n          \n  '),
('\n            \n            Catherine Hatcher\n          \n     ', '\n            \n            catherine.hatcher@gmail.com\n      '),
('\n            \n            Chandra McCray\n          \n        ', '\n            \n            chandra.mccray@gmail.com\n         '),
('\n            \n            Coren Andrews\n          \n         ', '\n            \n            \n\n\n\n\n\n\n\nctandrews@verizon.net\n    '),
('\n            \n            Corrine Wurst\n          \n         ', '\n            \n            reachforthestarsnm@yahoo.com\n     '),
('\n            \n            Danny Calloway\n          \n        ', '\n            \n            gndsec@nmmasons.org\n          \n   '),
('\n            \n            Diane Rogers\n          \n          ', '\n            \n            rogers@mesilla.com\n          \n    '),
('\n            \n            Erin Atkins\n          \n          ', '\n            \n            atkinser@gmail.com\n          \n    '),
('\n            \n            Ernest Pompeo\n          \n         ', '\n            \n            ernestpompeo@comcast.net\n         '),
('\n            \n            Gayle Smith\n          \n          ', '\n            \n            glsmith117@msn.com\n          \n    '),
('\n            \n            Georgia Morphis\n          \n       ', '\n            \n            ga.ldmorphis@hotmail.com\n         '),
('\n            \n            Hope McIntosh\n          \n         ', '\n            \n            Hmcintosh@vmware.com\n          \n  '),
('\n            \n            Janice Anderson\n          \n       ', '\n            \n            janicea8805@comcast.net\n          '),
('\n            \n            Joy Scott\n          \n          ', '\n            \n            joyfitz@mac.com\n          \n       '),
('\n            \n            Judy Goldie\n          \n          ', '\n            \n            judygoldie1@gmail.com\n          \n '),
('\n            \n            Katy Boyles\n          \n          ', '\n            \n            kboyles9@gmail.com\n          \n    '),
('\n            \n            Kay Miller\n          \n          ', '\n            \n            tmiller@zianet.com\n          \n    '),
('\n            \n            Keilyn Wright\n          \n         ', '\n            \n            keilynwriggit@yahoo.com\n          '),
('\n            \n            Kim Moreno\n          \n          ', '\n            \n            moreno.kimberly@hotmail.com\n      '),
('\n            \n            Kim Stone\n          \n          ', '\n            \n            ktstone@zianet.com\n          \n    '),
('\n            \n            Lauren Deveraux\n          \n       ', '\n            \n            lddancegirl92@comcast.net\n        '),
('\n            \n            Lisa Lents\n          \n          ', '\n            \n            ljw5891@gmail.com\n          \n     '),
('\n            \n            Malea Fowler\n          \n          ', '\n            \n            malea_fowler@hotmail.com\n         '),
('\n            \n            Norm Mayne\n          \n          ', '\n            \n            1marykay@msn.com\n          \n      '),
('\n            \n            Pam Rioux\n          \n          ', '\n            \n            rrioux@aol.com\n          \n        '),
('\n            \n            Phoebe Wright\n          \n         ', '\n            \n            epwright@cableone.net\n          \n '),
('\n            \n            Phyllis Miller\n          \n        ', '\n            \n            phyllislmiller@gmail.com\n         '),
('\n            \n            Serina Pack\n          \n          ', '\n            \n            serinapack@gmail.com\n          \n  '),
('\n            \n            Sharon Briggs\n          \n         ', '\n            \n            sharon_a_1971@yahoo.com\n          '),
('\n            \n            Shirley Thomas\n          \n        ', '\n            \n            js33thomas@swwn.net\n          \n   '),
('\n            \n            Susan Collins\n          \n         ', '\n            \n            collins809@aol.com\n          \n    '),
('\n            \n            Susan Wallin\n          \n          ', '\n            \n            wallin5@q.com\n          \n         '),
('\n            \n            Tom Payne\n          \n          ', '\n            \n            tomkay66@me.com\n          \n       '),
('\n            \n            Tsenre Deveraux\n          \n       ', '\n            \n            mtdeveraux@comcast.net\n          \n'),
('\n            \n            Wayne Morrison\n          \n        ', '\n            \n            morrison12376@hotmail.com\n        '),
('\n            Paula Satterfield\n          ', '\n            pjsat@juno.com\n          ');

-- --------------------------------------------------------

--
-- Table structure for table `gcct`
--

CREATE TABLE IF NOT EXISTS `gcct` (
  `year` int(11) DEFAULT NULL,
  `girl` int(11) DEFAULT NULL,
  `title` varchar(50) DEFAULT NULL
) ENGINE=MyISAM DEFAULT CHARSET=utf8;

--
-- Dumping data for table `gcct`
--

INSERT INTO `gcct` (`year`, `girl`, `title`) VALUES
(2014, 0, ''),
(2014, 0, ''),
(2014, 0, ''),
(2014, 0, ''),
(2014, 0, ''),
(2014, 0, ''),
(2014, 0, ''),
(2014, 0, ''),
(2014, 0, ''),
(2014, 0, ''),
(2014, 0, ''),
(2013, 0, ''),
(2013, 0, ''),
(2013, 0, ''),
(2013, 0, ''),
(2013, 0, ''),
(2013, 0, ''),
(2013, 0, ''),
(2013, 0, ''),
(2013, 0, ''),
(2013, 0, ''),
(2013, 0, ''),
(2013, 0, ''),
(2013, 0, '');

-- --------------------------------------------------------

--
-- Table structure for table `girls`
--

CREATE TABLE IF NOT EXISTS `girls` (
  `number` int(11) DEFAULT NULL,
  `first_name` varchar(30) DEFAULT NULL,
  `last_name` varchar(30) DEFAULT NULL,
  `nickname` varchar(30) DEFAULT NULL,
  `assembly` int(11) DEFAULT NULL,
  `title` varchar(30) DEFAULT NULL
) ENGINE=MyISAM DEFAULT CHARSET=utf8;

--
-- Dumping data for table `girls`
--

INSERT INTO `girls` (`number`, `first_name`, `last_name`, `nickname`, `assembly`, `title`) VALUES
(1, 'TBA', '', '', 0, 'GO'),
(9995, 'Alyssa', 'Epperson', '', 18, 'GO'),
(9996, 'Dashonetta', 'Lloyd', '', 35, 'GO'),
(9997, 'Brenna', 'Holbrook', '', 55, 'GO'),
(9998, 'Melissa', 'Varney', '', 0, 'GO'),
(9999, 'Lacey', 'Wheat', '', 35, 'GO'),
(10000, 'Serena', 'Bennett', '', 58, 'GO'),
(10001, 'Katelyn', 'Goist', '', 18, 'GO'),
(10002, 'Christina', 'Chaves', '', 62, 'GO'),
(10003, 'Amber', 'Constant', '', 60, 'GO'),
(10004, 'Brianna', 'Collins', '', 58, 'GO'),
(10005, 'Tiffaney', 'Davis', '', 61, 'GO'),
(10006, 'Alejandre', 'Ortega', '', 61, 'GO'),
(10007, 'Melissa', 'Varney', '', 61, 'GO'),
(10008, 'Annalee', 'Turner', '', 61, 'GO'),
(10009, 'Morgan', 'Blair', '', 60, 'GO'),
(10010, 'Faith', 'Schifani', '', 58, 'GO'),
(10011, 'Cheyenna', 'Graves', '', 60, 'GO'),
(10012, 'Sarah', 'Grindell', '', 58, 'GO'),
(10013, 'Ariana', 'Collins', '', 58, 'PGWA'),
(10014, 'Britney', 'Evans', '', 58, 'GO'),
(10015, 'Krystie Rae', 'Arambula', '', 62, 'GO'),
(10016, 'Erica', 'Jessen', '', 18, 'GO'),
(10017, 'Harley', 'Rogers', '', 55, 'GO'),
(10018, 'Carley', 'Casey', '', 62, 'GO'),
(10019, 'Jessica', 'Grindell', '', 58, 'GO'),
(10020, 'Christina', 'Chaves', '', 62, 'GO'),
(10021, 'Autumn', 'Hunt', '', 62, 'GO'),
(10022, 'Ashley', 'Balke', '', 58, 'GO'),
(10023, 'Jessica', 'Campbell', '', 58, 'GO'),
(10024, 'Dynesha', 'Drake', '', 35, 'GO'),
(10025, 'Da''Shona', 'Lloyd', '', 35, 'GO'),
(10026, 'Ivory', 'Webb', 'Missy', 55, 'PGO'),
(10027, 'Kimberly', 'Bellows', '', 55, 'PGO'),
(10028, 'Shannon', 'Wurst', '', 60, 'GO'),
(10029, 'Sara', 'Klemundt', '', 58, 'PGO'),
(10030, 'Alexa', 'Templeton', '', 58, 'GWA'),
(10031, 'Norann', 'Calhoun', '', 18, 'GO'),
(10032, 'Serina', 'Pack', '', 55, 'PGWA'),
(10033, 'Cricket', 'Braman', '', 58, 'PGO'),
(10034, 'Morgan', 'McClain', '', 8, 'PGO'),
(10035, 'Lacey', 'Oldham', '', 8, 'PGO'),
(10036, 'Corrine', 'Wurst', '', 62, 'PGWA'),
(10037, 'Lauren ', 'Deveraux', '', 60, 'PGWA'),
(10038, 'Emily', 'Blagrave', '', 61, 'PGO'),
(10039, 'Ashley', 'Leiby', '', 58, 'PGO'),
(10040, 'Autumn', 'Boyd', '', 58, 'PGO'),
(10041, 'Aubre', 'Billingsley', '', 35, 'PGO'),
(10042, 'Leila', 'Emery', '', 61, 'PGO'),
(10043, 'Kerestine', 'Hall', '', 35, 'PGO'),
(10044, 'Autumn', 'Boyd', '', 58, 'PGO'),
(10045, 'Marissa', 'Rowse', '', 55, 'PGO'),
(10046, 'Justice', 'Bills', '', 18, 'PGO'),
(10047, 'Samantha', 'Bernard', '', 60, 'PGO'),
(10100, 'Vinessa', 'Teyechea', '', 58, 'PGO'),
(10101, 'Krystal', 'Cochran', '', 35, 'PGO'),
(10102, 'Cindy', 'Granillo', '', 10, 'PGO'),
(10103, 'Caity', 'Rogers', '', 35, 'PGO'),
(10104, 'Chelsea', 'Marsh', '', 58, 'PGO'),
(10105, 'Catherine Allena', 'Moxley', '', 60, 'PGO'),
(10106, 'Aubre', 'Billingsley', '', 35, 'PGO'),
(10107, 'Anika', 'Molina', '', 58, 'PGO'),
(10108, 'Felicia', 'Smoker', '', 10, 'PGO'),
(10109, 'Kayla', 'Armgardt', '', 58, 'PGO'),
(10110, 'Sara', 'Moretti', '', 58, 'PGO'),
(10111, 'Casandra', 'Ford', '', 27, 'PGO'),
(10112, 'Brianna', 'Schmittel', '', 35, 'PGWA'),
(10113, 'Emily', 'Armgardt', '', 58, 'PGO'),
(10114, 'Rylee', 'Hahn', '', 58, 'PGO'),
(10115, 'Courtney', 'Lovato', '', 35, 'PGO'),
(10116, 'Amber', 'Deveraux', '', 58, 'PGWA'),
(10117, 'Amanda', 'Buffalow', '', 58, 'PGO'),
(10118, 'Bailey', 'Shivers', '', 27, 'PGO'),
(10119, 'Bianca', 'Smoker', '', 10, 'PGWA'),
(10120, 'Katy', 'Boyles', '', 35, 'PGWA'),
(10121, 'Keilyn', 'Wright', '', 58, 'PGWA'),
(10122, 'Michelle', 'Skibyak', '', 58, 'PGO'),
(10123, 'Nicole', 'Cameron', '', 35, 'PGO'),
(10124, 'Jessica', 'Reynolds', '', 35, 'PGO'),
(10125, 'Kynda', 'Buffalow', '', 58, 'PGO'),
(10126, 'Kelly', 'Digman', '', 35, 'PGO'),
(10127, 'Katherine', 'Barton', '', 10, 'PGO'),
(10128, 'Brittany', 'Stivers', '', 58, 'PGO'),
(10200, 'Lisa', 'Wallin', '', 60, 'PGWA'),
(10201, 'Casey', 'Ross', '', 60, 'PGO'),
(10202, 'Mary Beth', 'Shivers', '', 27, 'PGO'),
(10203, 'Sabrina', 'Daniel', '', 8, 'PGO'),
(10204, 'Dielica', 'Gold', '', 10, 'PGO'),
(10205, 'Crystal', 'Devargas', '', 35, 'PGO'),
(10206, 'Chelsea', 'Daugherty', '', 18, 'PGO'),
(10207, 'Stephanie', 'Cain', '', 60, 'PGO'),
(10208, 'Ellena', 'Trujillo', '', 4, 'PGO'),
(10209, 'Kelly', 'Glenn', '', 60, 'PGO'),
(10210, 'Cami', 'Hazen', '', 35, 'PGO'),
(10211, 'Amanda', 'Bridge', '', 18, 'PGO'),
(10212, 'Emma', 'Sultemeier', '', 4, 'PGO'),
(10213, 'Lacey', 'Bush', '', 27, 'PGO'),
(10214, 'Chantal', 'Magnusson', '', 10, 'PGO'),
(10215, 'Ashley', 'Ragsdale', '', 27, 'PGO'),
(10216, 'Jennifer', 'Trigg', '', 20, 'PGO'),
(10217, 'Burgandy', 'Hawes', '', 18, 'PGO'),
(10218, 'Charley', 'Ragsdale', '', 27, 'PGO'),
(10219, 'Kimberly', 'Rioux', '', 20, 'PGWA'),
(10220, 'Rosie', 'Bustamante', '', 27, 'PGO'),
(10221, 'Tammra', 'Miller', '', 20, 'PGO'),
(10222, 'Amanda', 'Holley', '', 4, 'PGO'),
(10223, 'Constance', 'James', '', 18, 'PGO'),
(10224, 'Victoria', 'Boyd', '', 53, 'PGO'),
(10225, 'Madelaine', 'Jeffery', '', 27, 'PGO'),
(10226, 'Nicole', 'Koller', '', 58, 'PGO'),
(10227, 'Claire', 'Thomsen', '', 58, 'PGO'),
(10228, 'Marcie', 'Malaj', '', 35, 'PGO'),
(10229, 'Sarah', 'Sutcliffe', '', 10, 'PGO'),
(10230, 'Tessa', 'Cathey', '', 12, 'PGO'),
(10231, 'Chandra', 'Galindo', '', 55, 'PGWA'),
(10232, 'Casey', 'Chambers', '', 8, 'PGO'),
(10233, 'Shawna', 'Odom', '', 10, 'PGO'),
(10234, 'Heather', 'Zahn', '', 58, 'PGO'),
(10235, 'Dyana', 'Hale', '', 4, 'PGO'),
(10236, 'Jessica', 'Bustamante', '', 27, 'PGO'),
(10237, 'Micah', 'Hadaway', '', 20, 'PGO'),
(10238, 'Katrina', 'Hart', '', 58, 'PGO'),
(10239, 'Devonna', 'Oliver', '', 55, 'PGO'),
(10240, 'Kim', 'Tribou', '', 58, 'PGO'),
(10241, 'Erinna', 'Atkins', '', 18, 'PGWA'),
(10242, 'Melody', 'Watkins', '', 20, 'PGO'),
(10243, 'Amanda', 'Marrujo', '', 12, 'PGO'),
(10244, 'Robin', 'Craig', '', 58, 'PGO'),
(10245, 'Anastasya', 'Sevachko', '', 55, 'PGO'),
(10246, 'Heather', 'Tow', '', 27, 'PGO'),
(10247, 'Sara', 'Smejkal', '', 18, 'PGO'),
(10248, 'Katie', 'Scott', '', 15, 'PGO'),
(10249, 'Elisabeth', 'Sultemeier', '', 4, 'PGO'),
(10250, 'Erica', 'Waters', '', 15, 'PGWA'),
(10251, 'Elizabeth', 'Kee', '', 10, 'PGO'),
(10400, 'Rebecca', 'Dettmer', '', 55, 'PGO'),
(10401, 'Tammy', 'Stradling', '', 12, 'PGO'),
(10402, 'Dowanna', 'Starkovich', '', 6, 'PGO'),
(10403, 'Lucinda', 'Hemmingway', '', 12, 'PGO'),
(10404, 'Diane', 'Howard', '', 13, 'PGO'),
(10405, 'Kala', 'Brightwell', '', 20, 'PGO'),
(10406, 'Katrina', 'Hart', '', 58, 'PGO'),
(10407, 'Jessica', 'Franklin', '', 26, 'PGO'),
(10408, 'Shannon', 'McClain', '', 8, 'PGO'),
(10409, 'Amy', 'Dornblaser', '', 2, 'PGO'),
(10410, 'Christina', 'Gunn', '', 53, 'PGO'),
(10411, 'Carrie', 'Hobbs', '', 21, 'PGO'),
(10412, 'Rebecca', 'Forand', '', 18, 'PGO'),
(10413, 'Crystal', 'Sharra', '', 4, 'PGO'),
(10414, 'Kelly', 'Addison', '', 8, 'PGO'),
(10415, 'Adrienne', 'Reich', '', 20, 'PGO'),
(10416, 'Tandia', 'Harper', '', 18, 'PGO'),
(10417, 'Erily', 'Snuth', '', 13, 'PGO'),
(10418, 'Malea', 'Lightle', '', 35, 'PGWA'),
(10419, 'Marissa', 'Enloe', '', 13, 'PGO'),
(10420, 'Anna', 'Kenyon', '', 18, 'PGO'),
(10421, 'Amber', 'Blunt', '', 42, 'PGO'),
(10422, 'Arlene', 'Martinez', '', 4, 'PGO'),
(10423, 'Stacy', 'Sandoval', '', 55, 'PGO'),
(10424, 'Harmony', 'Phillips', '', 21, 'PGO'),
(10425, 'Christina', 'McIntosh', '', 10, 'PGO'),
(10426, 'Jessie', 'Brown', '', 58, 'PGO'),
(10427, 'Nicholette', 'Stubblefield', '', 27, 'PGO'),
(10428, 'Kelly', 'Schumpert', '', 13, 'PGO'),
(10429, 'Abigail', 'Schairer', '', 20, 'PGO'),
(10430, 'Ruby', 'Maldonado', '', 6, 'PGO'),
(10431, 'Amy', 'Williams', '', 26, 'PGO'),
(10432, 'Laura', 'Melton', '', 12, 'PGO'),
(10433, 'Tash', 'Lee', '', 27, 'PGO'),
(10434, 'Jessica', 'VanWinkle', '', 18, 'PGWA'),
(10435, 'Neely', 'Bain', '', 8, 'PGO'),
(10436, 'Sheryl', 'Brightwell', '', 20, 'PGO'),
(10437, 'Heather', 'Stull', '', 58, 'PGO'),
(10438, 'Holly', 'Edwards', '', 36, 'PGO'),
(10439, 'Jennifer', 'Hansen', '', 10, 'PGO'),
(10440, 'Julie', 'Floyd', '', 15, 'PGO'),
(10441, 'Amanda', 'Morrison', '', 35, 'PGO'),
(10442, 'Amanda', 'Champany', '', 6, 'PGO'),
(10443, 'Christine', 'Rogers', '', 43, 'PGO'),
(10444, 'Melanie', 'McKinney', '', 12, 'PGO'),
(10445, 'Brandy', 'Whitlock', '', 26, 'PGO'),
(10446, 'Brooke', 'Malin', '', 20, 'PGO'),
(10447, 'Heather', 'Edwards', '', 36, 'PGO'),
(10448, 'Katie', 'Rogers', '', 27, 'PGO'),
(10449, 'Christina', 'Busse', '', 36, 'PGWA'),
(10450, 'Jolie', 'Upmphries', '', 36, 'PGO'),
(10451, 'Penny', 'Ortiz', '', 45, 'PGO'),
(10452, 'Jennie', 'Weber', '', 27, 'PGO'),
(10453, 'Amanda', 'Thomas', '', 2, 'PGO'),
(10454, 'Alisa', 'Miller', '', 8, 'PGO'),
(10455, 'Jennifer', 'Jones', '', 10, 'PGO'),
(10456, 'Rachel', 'Tycksen', '', 35, 'PGO'),
(10457, 'Kaci', 'Rucker', '', 15, 'PGO'),
(10458, 'Belinda', 'Lankford', '', 21, 'PGO'),
(10459, 'Lindsay', 'Crockett', '', 35, 'PGO'),
(10460, 'Kristin', 'Cottrell', '', 58, 'PGO'),
(10461, 'Desiree', 'Harrison', '', 14, 'PGO'),
(10462, 'Adrienne', 'Sandoval', '', 36, 'PGO'),
(10463, 'Joey', 'Vigil', '', 11, 'PGO'),
(10464, 'Charlotte', 'Plagge', '', 20, 'PGO'),
(10465, 'Hope', 'McIntosh', '', 58, 'PGWA'),
(10500, 'Janice', 'Luper', '', 43, 'PGO'),
(10501, 'Charla', 'Nordwall', '', 55, 'PGO'),
(10502, 'Tomasita', 'DeSoto', '', 53, 'PGO'),
(10503, 'Della', 'Bustamante', '', 43, 'PGO'),
(10504, 'Valerie', 'Heldenbrand', '', 2, 'PGO'),
(10505, 'Annie', 'Moismann', '', 35, 'PGO'),
(10506, 'Kimberly', 'Byrne', '', 2, 'PGO'),
(10507, 'Andrea', 'Roye', '', 26, 'PGO'),
(10508, 'Jennifer', 'Green', '', 6, 'PGO'),
(10509, 'Carolyn', 'Crowley', '', 20, 'PGO'),
(10510, 'Elizabeth', 'McKown', '', 11, 'PGO'),
(10511, 'Esther', 'Melton', '', 12, 'PGO'),
(10512, 'Nicky', 'Tombaugh', '', 55, 'PGWA'),
(10513, 'Blythe', 'Barnett', '', 8, 'PGO'),
(10514, 'Amber', 'Christian', '', 36, 'PGO'),
(10515, 'Sharon', 'Miller', '', 27, 'PGO'),
(10516, 'Jennifer', 'Stewart', '', 55, 'PGO'),
(10517, 'Daelena', 'Randle', '', 13, 'PGO'),
(10518, 'Erica', 'Fitzpatrick', '', 6, 'PGO'),
(10519, 'Donna', 'Ross', '', 11, 'PGO'),
(10520, 'Amanda', 'Daniel', '', 12, 'PGO'),
(10521, 'Nicole', 'Young', '', 58, 'PGO'),
(10522, 'Hollyanna', 'Wilson', '', 11, 'PGO'),
(10523, 'Kristy', 'Balok', '', 6, 'PGWA'),
(10524, 'Tisha', 'Pierce', '', 20, 'PGO'),
(10525, 'Wendy', 'Huff', '', 21, 'PGO'),
(10526, 'Stephanie', 'Head', '', 20, 'PGO'),
(10527, 'Rachel', 'Moorhead', '', 6, 'PGO'),
(10528, 'Christy', 'MacDonald', '', 2, 'PGO'),
(10529, 'Alicia', 'Hansen', '', 10, 'PGO'),
(10530, 'Shawnda', 'Lankford', '', 21, 'PGO'),
(10531, 'Kim', 'Swift', '', 53, 'PGO'),
(10532, 'Janelle', 'Hurt', '', 12, 'PGO'),
(10533, 'Jennifer', 'Cathey', '', 55, 'PGO'),
(10534, 'Cathy', 'Page', '', 8, 'PGO'),
(10535, 'Kari', 'Newsom', '', 43, 'PGO'),
(10536, 'Leslie', 'Floyd', '', 15, 'PGO'),
(10537, 'Terri', 'Arnold', '', 44, 'PGO'),
(10538, 'Deena', 'Owen', '', 18, 'PGO'),
(10539, 'Candida', 'Sandoval', '', 36, 'PGO'),
(10540, 'Karen', 'Martin', '', 36, 'PGO'),
(10541, 'Nikkie', 'Hughes', '', 8, 'PGWA'),
(10600, 'Leigh', 'Bowersock', '', 58, 'PGO'),
(10601, 'Tiffanie', 'Owen', '', 18, 'PGO'),
(10602, 'LaRonda', 'Chamberlain', '', 53, 'PGO'),
(10603, 'Judith', 'Youngren', '', 55, 'PGO'),
(10604, 'Rebecca', 'George', '', 10, 'PGO'),
(10605, 'Jennifer', 'McCasland', '', 45, 'PGO'),
(10606, 'Stephanie', 'Morgan', '', 43, 'PGO'),
(10607, 'Elizabeth', 'Hardin', '', 21, 'PGO'),
(10608, 'Darla', 'Roye', '', 26, 'PGO'),
(10609, 'Sheila', 'Jameson', '', 11, 'PGO'),
(10610, 'Kristin', 'Heckler', '', 20, 'PGO'),
(10611, 'Dawn', 'Mayne', '', 36, 'PGO'),
(10612, 'Dorothy', 'Dullivan', '', 15, 'PGO'),
(10613, 'Sharon', 'Miller', '', 27, 'PGO'),
(10614, 'Michelle', 'Merriman', '', 11, 'PGO'),
(10615, 'Carrie', 'John', '', 58, 'PGO'),
(10616, 'Audra', 'Moismann', '', 35, 'PGO'),
(10617, 'Leigh', 'Barham', '', 12, 'PGO'),
(10618, 'Amy', 'Crook', '', 35, 'PGWA'),
(10619, 'Heather', 'Price', '', 9, 'PGO'),
(10620, 'Tami', 'Wall', '', 20, 'PGO'),
(10621, 'Nikki', 'Kuhn', '', 8, 'PGO'),
(10622, 'Nacy', 'Henderson', '', 2, 'PGO'),
(10623, 'Terri', 'Arnold', '', 44, 'PGO'),
(10624, 'Kriege''', 'Barham', '', 12, 'PGO'),
(10625, 'Kristy', 'Balok', '', 6, 'PGO'),
(10626, 'Tina', 'Peterson', '', 18, 'PGO'),
(10627, 'Charlene', 'Rogers', '', 43, 'PGO'),
(10628, 'Valerie', 'Briggs', '', 27, 'PGO'),
(10629, 'Rose', 'Werner', '', 45, 'PGO'),
(10630, 'Laura', 'Rankin', '', 35, 'PGO'),
(10631, 'Annette', 'Youngren', '', 55, 'PGO'),
(10632, 'Rebecca', 'George', '', 10, 'PGO'),
(10633, 'Vanessa', 'Jaramillo', '', 53, 'PGO'),
(10634, 'Heather', 'Goldie', '', 36, 'PGO'),
(10635, 'Jennifer', 'James', '', 21, 'PGO'),
(10636, 'Sharon', 'Briggs', '', 27, 'PGWA'),
(10637, 'Wendy', 'Laird', '', 36, 'PGO'),
(10638, 'Paula', 'Gonzales', '', 10, 'PGO'),
(10639, 'Shelly', 'McCombs', '', 46, 'PGO'),
(10640, 'Stephanie', 'Stailey', '', 9, 'PGO'),
(10641, 'Joy', 'Fitzgerrel', '', 43, 'PGO'),
(10642, 'Gretchen', 'Potter', '', 13, 'PGO'),
(10643, 'Shannon', 'Brown', '', 10, 'PGO'),
(10644, 'Heather', 'Baldock', '', 8, 'PGO'),
(10645, 'Kelle', 'Westerfield', '', 20, 'PGO'),
(10646, 'Crista', 'Nordyke', '', 26, 'PGO'),
(10647, 'Sue Ann', 'Bonar', '', 55, 'PGO'),
(10648, 'Kristin', 'Smith', '', 2, 'PGO'),
(10649, 'Heather', 'Collins', '', 2, 'PGO'),
(10650, 'Edith', 'Snouffer', '', 8, 'PGO'),
(10651, 'Denise', 'Haeber', '', 50, 'PGWA'),
(10700, 'Stefani', 'Reil', '', 58, 'PGO'),
(10701, 'Kacy', 'Carroll', '', 42, 'PGO'),
(10702, 'Heidi', 'Potter', '', 8, 'PGO'),
(10703, 'Marie', 'Gonzales', '', 10, 'PGO'),
(10704, 'Mary Lou', 'Jorden', '', 21, 'PGO'),
(10705, 'Karri', 'Bartl', '', 2, 'PGO'),
(10706, 'Rene', 'Thomas', '', 11, 'PGO'),
(10707, 'Staci', 'Wheeler', '', 44, 'PGO'),
(10708, 'Lara', 'White', '', 12, 'PGO'),
(10709, 'Sonya', 'Crowley', '', 20, 'PGO'),
(10710, 'Denise', 'Watson', '', 6, 'PGO'),
(10711, 'Twila', 'Fowler', '', 8, 'PGO'),
(10712, 'Kathy', 'Denslow', '', 58, 'PGO'),
(10713, 'Julie', 'Warpole', '', 20, 'PGO'),
(10714, 'Christy Lynn', 'Milligan', '', 36, 'PGO'),
(10715, 'Sandra', 'Brilliant', '', 55, 'PGO'),
(10716, 'Elizabeth', 'Gonzalez', '', 21, 'PGWA'),
(10717, 'Angelina', 'Estrada', '', 44, 'PGO'),
(10718, 'Danise', 'Bristow', '', 8, 'PGO'),
(10719, 'Shauna', 'Hedrick', '', 27, 'PGO'),
(10720, 'Michelle', 'McKown', '', 11, 'PGO'),
(10721, 'Tracy', 'Watson', '', 46, 'PGO'),
(10722, 'Marci', 'Baxter', '', 48, 'PGO'),
(10723, 'JoLynn', 'Wilson', '', 15, 'PGO'),
(10724, 'Holly', 'Bynum', '', 18, 'PGO'),
(10725, 'Tracy', 'Nagel', '', 8, 'PGO'),
(10726, 'Beth', 'Franks', '', 35, 'PGO'),
(10727, 'Michelle', 'Gould', '', 45, 'PGO'),
(10728, 'Laura', 'Blessing', '', 44, 'PGO'),
(10729, 'Marina', 'Schauer', '', 43, 'PGO'),
(10730, 'Anne', 'Halsell', '', 26, 'PGO'),
(10799, 'Becky', 'Warinner', '', 53, 'PGWA'),
(10800, 'Melinda', 'Bennett', '', 43, 'PGO'),
(10801, 'Kristen', 'Swenson', '', 5, 'PGO'),
(10802, 'Naomi', 'Syfert', '', 12, 'PGO'),
(10803, 'Laurie', 'Dean', '', 48, 'PGO'),
(10804, 'Aria', 'Alvidrez', '', 45, 'PGO'),
(10805, 'Kirsten', 'Doutt', '', 6, 'PGO'),
(10806, 'Kari', 'McMichael', '', 44, 'PGO'),
(10807, 'Lynn', 'Moore', '', 21, 'PGO'),
(10808, 'Susan', 'Reece', '', 9, 'PGO'),
(10809, 'Lauricia', 'Riley', '', 42, 'PGO'),
(10810, 'Elizabeth', 'Plummer', '', 1, 'PGO'),
(10811, 'Helen', 'Current', '', 4, 'PGO'),
(10812, 'Delaine', 'Turner', '', 43, 'PGO'),
(10813, 'Patty', 'Rye', '', 20, 'PGO'),
(10814, 'Sherisse', 'Smelzer', '', 2, 'PGO'),
(10815, 'Michele', 'Horrell', '', 18, 'PGO'),
(10816, 'Barbara', 'Dorsey', '', 15, 'PGWA'),
(10817, 'Danice', 'Bristow', '', 8, 'PGO'),
(10818, 'Lyn', 'Griswold', '', 42, 'PGO'),
(10819, 'Brenda', 'Smith', '', 41, 'PGO'),
(10820, 'Barbara', 'Jones', '', 36, 'PGO'),
(10821, 'Pam', 'Parker', '', 52, 'PGO'),
(10822, 'Laura', 'Blessing', '', 44, 'PGO'),
(10823, 'Sephanie', 'Stevens', '', 20, 'PGO'),
(10825, 'Amy', 'Crews', '', 43, 'PGO'),
(10826, 'Allyson', 'McCraw', '', 24, 'PGO'),
(10827, 'Karri', 'Saplin', '', 46, 'PGO'),
(10828, 'Joanie', 'DeBerry', '', 27, 'PGO'),
(10829, 'Patricia', 'Myers', '', 12, 'PGO'),
(10830, 'Leslie', 'Standifer', '', 5, 'PGO'),
(10831, 'Nikki', 'Sarris', '', 2, 'PGO'),
(10832, 'Jennifer', 'Pinkston', '', 36, 'PGWA'),
(10900, 'Barbara', 'Holguin', '', 21, 'PGO'),
(10901, 'Stacye', 'Peeples', '', 49, 'PGO'),
(10902, 'Margie', 'Wood', '', 41, 'PGO'),
(10903, 'Sandra', 'Ladd', '', 21, 'PGO'),
(10904, 'Leah', 'Rudolph', '', 23, 'PGO'),
(10905, 'Wendi', 'Miller', '', 27, 'PGO'),
(10906, 'Annette', 'Baugh', '', 5, 'PGO'),
(10907, 'Dolly', 'Dallas', '', 35, 'PGO'),
(10908, 'Melissa', 'Seery', '', 11, 'PGO'),
(10909, 'Denise', 'Croix', '', 2, 'PGO'),
(10910, 'Janice', 'Kreuch', '', 10, 'PGO'),
(10911, 'Christy', 'Stroud', '', 24, 'PGO'),
(10912, 'Tammy', 'Sprinkle', '', 8, 'PGO'),
(10913, 'Susie', 'Gorman', '', 43, 'PGO'),
(10914, 'Martha', 'Barnhill', '', 53, 'PGWA'),
(10999, 'Roxanne', 'Gardner', '', 55, 'PGWA'),
(11000, 'Roxanne', 'Hawkinson', '', 43, 'PGO'),
(11001, 'Kristy', 'Crellin', '', 4, 'PGO'),
(11002, 'Alicia', 'Jackson', '', 11, 'PGO'),
(11003, 'Susie', 'Strand', '', 14, 'PGO'),
(11004, 'Alison', 'Lankford', '', 35, 'PGO'),
(11005, 'Christy', 'Stroud', '', 24, 'PGO'),
(11006, 'Debbie', 'Kline', '', 8, 'PGO'),
(11007, 'Elizabeth', 'Gore', '', 1, 'PGO'),
(11008, 'Sue', 'Scholle', '', 21, 'PGO'),
(11009, 'Merlin', 'Beanblossom', '', 42, 'PGO'),
(11010, 'April', 'Duke', '', 12, 'PGO'),
(11011, 'Marla', 'Stallard', '', 19, 'PGO'),
(11012, 'Sue', 'McCreesh', '', 18, 'PGO'),
(11013, 'Becky', 'Hoover', '', 2, 'PGO'),
(11014, 'Kathy', 'Pack', '', 10, 'PGO'),
(11015, 'Margret', 'Jonsson', '', 5, 'PGO'),
(11016, 'Teresa', 'Baugh', '', 5, 'PGWA'),
(11200, 'Clarissa', 'Rudolph', '', 23, 'PGO'),
(11201, 'Neida', 'Courtney', '', 58, 'PGO'),
(11202, 'Michele', 'Rivera', '', 10, 'PGO'),
(11203, 'Ann Maria', 'Matteucci', '', 49, 'PGO'),
(11204, 'Lawana', 'Randles', '', 13, 'PGO'),
(11205, 'Becky', 'Hoover', '', 2, 'PGO'),
(11206, 'Becky', 'Wright', '', 56, 'PGO'),
(11207, 'Paula', 'Menefee', '', 32, 'PGO'),
(11208, 'Cecilia', 'Prince', '', 27, 'PGO'),
(11209, 'Janice', 'Gott', '', 3, 'PGO'),
(11210, 'Karen', 'Winters', '', 50, 'PGO'),
(11211, 'Kathryn', 'Halsell', '', 26, 'PGO'),
(11212, 'Joyce', 'Wallace', '', 6, 'PGO'),
(11213, 'Janet', 'Bailey', '', 33, 'PGO'),
(11214, 'Angelique', 'Vega', '', 9, 'PGO'),
(11215, 'Janet', 'Redman', '', 18, 'PGO'),
(11216, 'Beverly', 'Knight', '', 20, 'PGWA'),
(11300, 'Teresa', 'Horton', '', 41, 'PGO'),
(11301, 'Mary Beth', 'Hathorn', '', 18, 'PGO'),
(11302, 'Monica', 'King', '', 37, 'PGO'),
(11303, 'Serrie', 'Vaughan', '', 11, 'PGO'),
(11304, 'Mamie', 'Scott', '', 53, 'PGO'),
(11305, 'Carol', 'Herron', '', 43, 'PGO'),
(11306, 'Sherrie', 'Rasco', '', 4, 'PGO'),
(11307, 'Susan', 'Reese', '', 54, 'PGO'),
(11308, 'Colette', 'Howell', '', 39, 'PGO'),
(11309, 'Julie', 'Sinclair', '', 36, 'PGO'),
(11310, 'Patty', 'Henry', '', 12, 'PGO'),
(11311, 'Kathy', 'Craig', '', 44, 'PGO'),
(11312, 'Jean', 'Arnold', '', 8, 'PGO'),
(11313, 'Debbie', 'Scott', '', 28, 'PGO'),
(11314, 'Jennifer', 'Rogers', '', 48, 'PGO'),
(11315, 'Dianne', 'Crume', '', 25, 'PGO'),
(11316, 'Bimi', 'Lane', '', 21, 'PGO'),
(11317, 'Monica', 'Whatley', '', 46, 'PGWA'),
(11400, 'Christie', 'Griffin', '', 2, 'PGO'),
(11401, 'Cathy', 'Spitz', '', 19, 'PGO'),
(11402, 'Patti', 'Neal', '', 52, 'PGO'),
(11403, 'Alynn', 'Beanblossom', '', 41, 'PGO'),
(11404, 'Charlotte', 'Case', '', 48, 'PGO'),
(11405, 'Kristi', 'Porter', '', 5, 'PGO'),
(11406, 'Valerie', 'Yeager', '', 15, 'PGO'),
(11407, 'Sandra', 'Howard', '', 17, 'PGO'),
(11408, 'Sharon', 'Litherland', '', 23, 'PGO'),
(11409, 'Cathy', 'Cooke', '', 6, 'PGO'),
(11410, 'Karen', 'Ricer', '', 42, 'PGO'),
(11411, 'Carolyn', 'Briggs', '', 59, 'PGO'),
(11412, 'Lisa', 'Alexander', '', 24, 'PGO'),
(11413, 'Laura', 'Heer', '', 10, 'PGO'),
(11414, 'Patty', 'Gordon', '', 1, 'PGO'),
(11415, 'Audrey', 'Sloan', '', 33, 'PGO'),
(11416, 'Jesslyn', 'Bilbo', '', 14, 'PGO'),
(11417, 'Robin', 'Ribble', '', 58, 'PGO'),
(11418, 'Tsenre', 'Pompeo', '', 10, 'PGWA'),
(11500, 'Jana', 'Johnson', '', 35, 'PGO'),
(11501, 'Lisa', 'McGeachy', '', 32, 'PGO'),
(11502, 'Jackie', 'Roberts', '', 13, 'PGO'),
(11503, 'Carrie', 'Elliott', '', 56, 'PGO'),
(11504, 'Linda', 'Cox', '', 21, 'PGO'),
(11505, 'Julann', 'Langenegger', '', 34, 'PGO'),
(11506, 'Carla', 'Sims', '', 26, 'PGO'),
(11507, 'Krisaan', 'Kimes', '', 38, 'PGO'),
(11508, 'Becky', 'Gilliland', '', 25, 'PGO'),
(11509, 'Ellen', 'Montgomery', '', 12, 'PGO'),
(11510, 'Pamala', 'Lewis', '', 18, 'PGO'),
(11511, 'Carol', 'Gillespie', '', 3, 'PGO'),
(11512, 'Jeannine', 'Merrit', '', 58, 'PGO'),
(11513, 'Jamie', 'Godfrey', '', 49, 'PGO'),
(11514, 'Debra', 'Lang', '', 50, 'PGO'),
(11515, 'Kathy', 'Hamilton', '', 55, 'PGO'),
(11516, 'Karen', 'Blake', '', 44, 'PGO'),
(11517, 'Susan', 'Abercrombie', '', 7, 'PGWA'),
(11600, 'Dannette', 'Cullumber', '', 11, 'PGO'),
(11601, 'Susan', 'Haines', '', 53, 'PGO'),
(11602, 'Laura', 'Atkins', '', 40, 'PGO'),
(11603, 'Stacy', 'Kamerzell', '', 39, 'PGO'),
(11604, 'Kenda', 'Caylor', '', 1, 'PGO'),
(11605, 'Debra', 'Fowler', '', 54, 'PGO'),
(11606, 'Janet', 'Green', '', 28, 'PGO'),
(11607, 'Debbie', 'Frost', '', 9, 'PGO'),
(11608, 'Valorie', 'Davenport', '', 41, 'PGO'),
(11609, 'Tammy', 'Rasco', '', 31, 'PGO'),
(11610, 'Sue', 'Creech', '', 25, 'PGO'),
(11611, 'Marsha', 'Pomeroy', '', 8, 'PGO'),
(11612, 'Cindy', 'Johnson', '', 17, 'PGO'),
(11613, 'Carol', 'Goldsmith', '', 27, 'PGO'),
(11614, 'Penny', 'Branscum', '', 5, 'PGO'),
(11615, 'Diane', 'Donaldson', '', 21, 'PGO'),
(11616, 'Shirlene', 'Stapleton', '', 36, 'PGO'),
(11617, 'Shirley', 'Crawford', '', 2, 'PGWA'),
(11700, 'Mary', 'Welty', '', 59, 'PGO'),
(11701, 'Debbie', 'McNeil', '', 51, 'PGO'),
(11702, 'Gari', 'Beckett', '', 14, 'PGO'),
(11703, 'Marilyn', 'Kennan', '', 1, 'PGO'),
(11704, 'Belinda', 'Mobbs', '', 46, 'PGO'),
(11705, 'Rebecca', 'King', '', 37, 'PGO'),
(11706, 'Jacque', 'Proctor', '', 23, 'PGO'),
(11707, 'Sherry', 'Henson', '', 15, 'PGO'),
(11708, 'Sally', 'Parsons', '', 19, 'PGO'),
(11709, 'Susan', 'Nance', '', 24, 'PGO'),
(11710, 'Claudette', 'Myers', '', 38, 'PGO'),
(11711, 'Laurie', 'Norman', '', 52, 'PGO'),
(11712, 'Carolyn', 'Roper', '', 42, 'PGO'),
(11713, 'Pamela', 'Limburger', '', 30, 'PGO'),
(11714, 'Elizabeth', 'Hayes', '', 10, 'PGO'),
(11715, 'Clare', 'Lane', '', 48, 'PGO'),
(11716, 'Ardith', 'Morrison', '', 43, 'PGO'),
(11717, 'Tamara', 'Curtis', '', 37, 'PGWA'),
(11800, 'Cynthia', 'Bolin', '', 25, 'PGO'),
(11801, 'Ann', 'Gary', '', 45, 'PGO'),
(11802, 'Debbie', 'Norman', '', 3, 'PGO'),
(11803, 'Barbara', 'Tucker', '', 56, 'PGO'),
(11804, 'Margaret', 'Payton', '', 13, 'PGO'),
(11805, 'Nancy', 'Bell', '', 58, 'PGO'),
(11806, 'Pamela', 'Sweem', '', 12, 'PGO'),
(11807, 'Linda', 'LaRock', '', 33, 'PGO'),
(11808, 'Cathy', 'Eppers', '', 2, 'PGO'),
(11809, 'Marka', 'Smith', '', 5, 'PGO'),
(11810, 'Abbie', 'Toon', '', 18, 'PGO'),
(11811, 'Daneen', 'Harshey', '', 34, 'PGO'),
(11812, 'Susie', 'LaPage', '', 14, 'PGO'),
(11813, 'Debbie', 'Russell', '', 32, 'PGO'),
(11814, 'Tamye', 'Roberts', '', 49, 'PGO'),
(11815, 'Marji', 'Mathis', '', 21, 'PGO'),
(11816, 'LeAnne', 'Straley', '', 7, 'PGO'),
(11817, 'Melodie', 'Owen', '', 35, 'PGWA'),
(11900, 'Gayla', 'Chamberland', '', 27, 'PGO'),
(11901, 'Dorma', 'Boothe', '', 43, 'PGO'),
(11902, 'Randi', 'Abraham', '', 53, 'PGO'),
(11903, 'Patricia', 'French', '', 8, 'PGO'),
(11904, 'Jovanna', 'Ratliff', '', 59, 'PGO'),
(11905, 'Denise', 'Bleak', '', 47, 'PGO'),
(11906, 'Mary', 'McKinley', '', 57, 'PGO'),
(11907, 'Leslie', 'Shaw', '', 44, 'PGO'),
(11908, 'Aline', 'Orr', '', 6, 'PGO'),
(11909, 'Nita', 'Fondy', '', 54, 'PGO'),
(11910, 'Cindy', 'Morris', '', 40, 'PGO'),
(11911, 'Susan', 'Glenn', '', 21, 'PGO'),
(11912, 'Dixie', 'Boyle', '', 51, 'PGO'),
(11913, 'Pam', 'Cowart', '', 28, 'PGO'),
(11914, 'Debbie', 'Alls', '', 4, 'PGO'),
(11915, 'Georgia', 'Hewitt', '', 26, 'PGO'),
(11916, 'Norma', 'Moore', '', 54, 'PGO'),
(11917, 'Julie', 'Holt', '', 55, 'PGO'),
(11918, 'Janice', 'Cox', '', 50, 'PGWA'),
(12000, 'Marion', 'Starcher', '', 15, 'PGO'),
(12001, 'Cherene', 'Johnson', '', 17, 'PGO'),
(12002, 'Teresa', 'Upham', '', 46, 'PGO'),
(12003, 'Susan', 'Arrington', '', 2, 'PGO'),
(12004, 'Roxie', 'Rogers', '', 52, 'PGO'),
(12005, 'Cathy', 'Chaney', '', 39, 'PGO'),
(12006, 'Denise', 'Dunagan', '', 30, 'PGO'),
(12007, 'Joan', 'Houser', '', 42, 'PGO'),
(12008, 'Marlene', 'Biebelle', '', 9, 'PGO'),
(12009, 'Michelle', 'LaMaire', '', 20, 'PGO'),
(12010, 'Barbara', 'Lane', '', 48, 'PGO'),
(12011, 'Martha', 'Gordon', '', 18, 'PGO'),
(12012, 'Lynn', 'Virden', '', 41, 'PGO'),
(12013, 'Kay', 'Rinker', '', 1, 'PGO'),
(12014, 'Sandra', 'Garnett', '', 19, 'PGO'),
(12015, 'Nita Joe', 'Coleman', '', 31, 'PGO'),
(12016, 'Susan', 'Vandervoort', '', 36, 'PGO'),
(12017, 'Martha', 'Wallace', '', 24, 'PGWA');

-- --------------------------------------------------------

--
-- Table structure for table `gwa`
--

CREATE TABLE IF NOT EXISTS `gwa` (
  `number` int(11) DEFAULT NULL,
  `year` int(11) DEFAULT NULL,
  `first_name` varchar(30) DEFAULT NULL,
  `middle_name` varchar(30) DEFAULT NULL,
  `last_name` varchar(30) DEFAULT NULL,
  `married_name` varchar(30) DEFAULT NULL,
  `install_year` int(11) DEFAULT NULL,
  `assembly` int(11) DEFAULT NULL,
  `swa` tinyint(1) DEFAULT NULL
) ENGINE=MyISAM DEFAULT CHARSET=utf8;

--
-- Dumping data for table `gwa`
--

INSERT INTO `gwa` (`number`, `year`, `first_name`, `middle_name`, `last_name`, `married_name`, `install_year`, `assembly`, `swa`) VALUES
(82, 2015, 'Alexa', '', 'Templeton', '', 2014, 58, 0),
(81, 2014, 'Serina', '', 'Pack', '', 2013, 55, 0),
(80, 2013, 'Ariana', '', 'Collins', '', 2012, 58, 0),
(79, 2012, 'Corrine', '', 'Wurst', '', 2011, 61, 0),
(78, 2011, 'Lauren', '', 'Deveraux', '', 2010, 60, 1),
(77, 2010, 'Brianna', '', 'Schmittal', '', 2009, 0, 0),
(76, 2009, 'Amber', '', 'Deveraux', '', 2008, 0, 0),
(75, 2008, 'Keilyn', '', 'Wright', '', 2007, 0, 0),
(74, 2007, 'Bianca', '', 'Smoker', '', 2006, 0, 0),
(73, 2006, 'Katy', '', 'Boyles', '', 2005, 0, 0),
(72, 2005, 'Lisa', '', 'Wallin', '', 2004, 0, 0),
(71, 2004, 'Kimberly', '', 'Rioux', '', 2003, 0, 0),
(70, 2003, 'Chandra', '', 'Galindo', '', 2002, 0, 0),
(69, 2002, 'Erin', '', 'Atkins', '', 2001, 0, 0),
(68, 2001, 'Erika', '', 'Waters', '', 2000, 0, 0),
(67, 2000, 'Andrea', '', 'Harbison', '', 1999, 0, 0),
(66, 1999, 'Kim', '', 'Smith', '', 1998, 0, 0),
(65, 1998, 'Malea', '', 'Lightle', '', 1997, 0, 0),
(64, 1997, 'Jessica', '', 'Van Winkle', '', 1996, 0, 0),
(63, 1996, 'Christy', '', 'Christy', '', 1995, 0, 0),
(62, 1995, 'Hope', '', 'McIntosh', '', 1994, 0, 0),
(61, 1994, 'Nicky', '', 'Tombaugh', '', 1993, 0, 0),
(60, 1993, 'Kristy', '', 'Balok', '', 1992, 0, 0),
(59, 1992, 'Nikkie', '', 'Hughes', '', 1991, 0, 0),
(58, 1991, 'Amy', '', 'Crook', '', 1990, 0, 0),
(57, 1990, 'Sharon', '', 'Briggs', '', 1989, 0, 0),
(56, 1989, 'Denise', '', 'Haeber', '', 1988, 0, 0),
(55, 1988, 'Elizabeth', '', 'Gonzalez', '', 1987, 0, 0),
(54, 1987, 'Rebecca', '', 'Warinner', '', 1986, 0, 0),
(53, 1986, 'Barbara', '', 'Dorsey', '', 1985, 0, 0),
(52, 1985, 'Jennifer', '', 'Pinkston', '', 1984, 0, 0),
(51, 1984, 'Martha', '', 'Barnhill', '', 1983, 0, 0),
(50, 1983, 'Roxanne', '', 'Gardner', '', 1982, 0, 0),
(49, 1982, 'Teresa', '', 'Baugh', '', 1981, 0, 0),
(48, 1981, 'Beverly', '', 'Knight', '', 1980, 0, 0),
(47, 1980, 'Monica', '', 'Whatley', '', 1979, 0, 0),
(46, 1979, 'Tsenre', '', 'Pompeo', '', 1978, 0, 0),
(45, 1978, 'Susan', '', 'Abercrombie', '', 1977, 0, 0),
(44, 1977, 'Shirley Jo', '', 'Crawford', '', 1976, 0, 0),
(43, 1976, 'Tamara', '', 'Curtis', '', 1975, 0, 0),
(42, 1975, 'Melodie', '', 'Owen', '', 1974, 0, 0),
(41, 1974, 'Janice', 'Ann', 'Cox', '', 1973, 0, 0),
(40, 1973, 'Martha', 'Jane', 'Wallace', '', 1972, 0, 0),
(39, 1972, 'Nikki', '', 'Scarafiotti', '', 1971, 0, 0),
(38, 1971, 'Karen', 'Sue', 'Guice', '', 1970, 0, 0),
(37, 1970, 'Annelle', '', 'Gray', '', 1969, 0, 0),
(36, 1969, 'Virginia', '', 'White', '', 1968, 0, 0),
(35, 1968, 'Jacquelyn', 'Rae', 'Wilson', '', 1967, 0, 0),
(34, 1967, 'Joyce', 'Ann', 'Johnston', '', 1966, 0, 0),
(33, 1966, 'Billye', 'Louise', 'Huckabee', '', 1965, 0, 0),
(32, 1965, 'Frances', '', 'Compton', '', 1964, 0, 0),
(31, 1964, 'Johanna', 'Sue', 'Bryant', '', 1963, 0, 0),
(30, 1963, 'Mary', 'Edith', 'Hart', '', 1962, 0, 0),
(29, 1962, 'Jenann', '', 'Kennedy', '', 1961, 0, 0),
(28, 1961, 'Madeleine', 'J', 'McDaniel', '', 1960, 0, 0),
(27, 1960, 'Margaret', 'Lynnette', 'Roser', '', 1959, 0, 0),
(26, 1959, 'Simmie', '', 'Gibson', '', 1958, 0, 0),
(25, 1958, 'Helen', 'Alice', 'Meyers', '', 1957, 0, 0),
(24, 1957, 'Roberta', 'Ann', 'Boney', '', 1956, 0, 0),
(23, 1956, 'Ruthe', '', 'Owens', '', 1955, 0, 0),
(22, 1955, 'Jeannie', '', 'Coleman', '', 1954, 0, 0),
(21, 1954, 'Eulalie', '', 'Allen', '', 1953, 0, 0),
(20, 1953, 'Della', 'Ruth', 'Frear', '', 1952, 0, 0),
(19, 1952, 'Emma', 'Lou', 'Cahoon', '', 1951, 0, 0),
(18, 1951, 'Betty', 'Jean', 'Bourbonia', '', 1950, 0, 0),
(17, 1950, 'Carol', '', 'Hensley', '', 1949, 0, 0),
(16, 1949, 'Marjorie', '', 'Lane', '', 1948, 0, 0),
(15, 1948, 'Shirlee', '', 'Blakemore', '', 1947, 0, 0),
(14, 1947, 'Ruth', 'Esther', 'Lindberg', '', 1946, 0, 0),
(13, 1946, 'Aleen', '', 'Hinkle', '', 1945, 0, 0),
(12, 1945, 'Peggy', 'Jane', 'Schneider', '', 1944, 0, 0),
(11, 1944, 'Doris', '', 'Grissam', '', 1943, 0, 0),
(10, 1943, 'Caroline', '', 'Brentari', '', 1942, 0, 0),
(9, 1942, 'Drucilla', '', 'Longley', '', 1941, 0, 0),
(8, 1941, 'Harriett', '', 'Haskell', '', 1940, 0, 0),
(7, 1940, 'Frances', '', 'Schroeter', '', 1939, 0, 0),
(6, 1939, 'Lois', '', 'Livingston', '', 1938, 0, 0),
(5, 1938, 'Dixie', 'Ray', 'Boyd', '', 1937, 0, 0),
(4, 1937, 'Marjorie', '', 'White', '', 1936, 0, 0),
(3, 1936, 'Dorothy', 'Louise', 'France', '', 1935, 0, 0),
(1, 1935, 'Chaney', 'Miller', 'Merritt', '', 1933, 0, 0);

-- --------------------------------------------------------

--
-- Table structure for table `mother_advisors`
--

CREATE TABLE IF NOT EXISTS `mother_advisors` (
  `name` varchar(50) NOT NULL,
  `num` int(11) NOT NULL,
  `email` varchar(60) NOT NULL,
  `assembly` varchar(60) NOT NULL,
  `location` varchar(30) NOT NULL,
  `active` int(11) NOT NULL DEFAULT '1'
) ENGINE=MyISAM DEFAULT CHARSET=utf8;

--
-- Dumping data for table `mother_advisors`
--

INSERT INTO `mother_advisors` (`name`, `num`, `email`, `assembly`, `location`, `active`) VALUES
('Mrs. Mary McClain', 4, 'rmmcclain@swwmail.net', 'Tucumcari', 'Fort Sumner', 1),
('Mrs. Mary McClain', 8, 'rmmcclain@swwmail.net', 'Clovis', 'Fort Sumner', 1),
('Mrs. Carol Epperson', 18, 'epperson313@gmail.com', 'Alamogordo', 'Alamogordo', 1),
('Mrs. Susan Boyles', 35, 'sboyles@fms.k12.nm.us', 'Farmington', 'Farmington', 1),
('Mrs. Nicky Phillips', 55, 'nicky.phillips@ymail.com', 'Ruth Laws', 'Las Cruces', 1),
('Mrs. Patty Campbell', 58, 'AshlarRainbowABQ@hotmail.com', 'Ashlar', 'Albuquerque', 1),
('Mrs. Jaci Crosswhite', 60, 'tjautosupply@qwestoffice.net', 'Dorothy Pitsford', 'Estancia', 1),
('Mrs. Christine Wurst', 61, 'rioranchorainbow@gmail.com', 'Rio Rancho', 'Rio Rancho', 1),
('Mrs. Sabrina Pack', 62, 'sabrina@silvercityradio.com', 'Copper Rose', 'Silver City', 1),
('Mrs. Rainbow', 100, 'joyfitz@me.com', 'Example', 'Nowhere', 1);

-- --------------------------------------------------------

--
-- Table structure for table `pages`
--

CREATE TABLE IF NOT EXISTS `pages` (
  `year` int(11) DEFAULT NULL,
  `girl` int(11) DEFAULT NULL,
  `title` varchar(50) DEFAULT NULL
) ENGINE=MyISAM DEFAULT CHARSET=utf8;

--
-- Dumping data for table `pages`
--

INSERT INTO `pages` (`year`, `girl`, `title`) VALUES
(2014, 0, ''),
(2014, 0, ''),
(2014, 0, ''),
(2014, 0, ''),
(2014, 0, ''),
(2014, 0, ''),
(2014, 0, ''),
(2014, 0, ''),
(2014, 0, ''),
(2014, 0, ''),
(2014, 0, ''),
(2014, 0, ''),
(2014, 0, ''),
(2014, 0, ''),
(2014, 0, ''),
(2014, 0, ''),
(2013, 0, ''),
(2013, 0, ''),
(2013, 0, ''),
(2013, 0, ''),
(2013, 0, ''),
(2013, 0, ''),
(2013, 0, ''),
(2013, 0, ''),
(2013, 0, ''),
(2013, 0, ''),
(2013, 0, ''),
(2013, 0, ''),
(2013, 0, ''),
(2013, 0, ''),
(2013, 0, '');

-- --------------------------------------------------------

--
-- Table structure for table `reps`
--

CREATE TABLE IF NOT EXISTS `reps` (
  `year` int(11) DEFAULT NULL,
  `office` varchar(50) DEFAULT NULL,
  `girl` int(11) DEFAULT NULL
) ENGINE=MyISAM DEFAULT CHARSET=utf8;

--
-- Dumping data for table `reps`
--

INSERT INTO `reps` (`year`, `office`, `girl`) VALUES
(2015, 'Alabama', 10010),
(2015, 'Alaska', 10016),
(2015, 'Arizona', 10004),
(2015, 'Arkansas', 10019),
(2015, 'California', 10023),
(2015, 'Colorado', 10004),
(2015, 'Connecticut', 10012),
(2015, 'Florida', 10000),
(2015, 'Georgia', 10015),
(2015, 'Hawaii', 9997),
(2015, 'Iowa/Minnesota', 9996),
(2015, 'Illinois', 10022),
(2015, 'Indiana', 10009),
(2015, 'Kansas', 10022),
(2015, 'Kentucky', 1),
(2015, 'Louisiana', 10011),
(2015, 'Maine', 10023),
(2015, 'Maryland', 10014),
(2015, 'Massachusetts', 10024),
(2015, 'Michigan', 10021),
(2015, 'Mississippi', 10003),
(2015, 'Missouri', 10028),
(2015, 'Montana', 9999),
(2015, 'Nebraska', 10000),
(2015, 'Nevada', 10018),
(2015, 'New Hampshire', 10019),
(2015, 'New Jersey', 10018),
(2015, 'New York', 10011),
(2015, 'North Carolina', 10017),
(2015, 'North Dakota/South Dakota', 9995),
(2015, 'Ohio', 9998),
(2015, 'Oklahoma', 9997),
(2015, 'Oregon', 9995),
(2015, 'Pennsylvania', 10014),
(2015, 'Tennessee', 10030),
(2015, 'Texas', 10015),
(2015, 'Vermont', 9996),
(2015, 'Virginia', 10013),
(2015, 'Washington/Idaho', 9995),
(2015, 'West Virginia', 10010),
(2015, 'Wisconsin', 10009),
(2015, 'New South Wales', 1),
(2015, 'Queensland', 1),
(2015, 'Brazil', 1),
(2015, 'Bolivia', 1),
(2015, 'Canada', 10017),
(2015, 'Philippines', 1),
(2014, 'Alabama', 10016),
(2014, 'Alaska', 10012),
(2014, 'Arizona', 10017),
(2014, 'Arkansas', 10011),
(2014, 'California', 10010),
(2014, 'Colorado', 10009),
(2014, 'Connecticut', 10010),
(2014, 'Florida', 10011),
(2014, 'Georgia', 10012),
(2014, 'Hawaii', 10013),
(2014, 'Iowa/Minnesota', 10014),
(2014, 'Illinois', 10019),
(2014, 'Indiana', 10024),
(2014, 'Kansas', 10007),
(2014, 'Kentucky', 10006),
(2014, 'Louisiana', 10005),
(2014, 'Maine', 10021),
(2014, 'Maryland', 10004),
(2014, 'Massachusetts', 10026),
(2014, 'Michigan', 10003),
(2014, 'Mississippi', 10025),
(2014, 'Missouri', 10005),
(2014, 'Montana', 10004),
(2014, 'Nebraska', 10012),
(2014, 'Nevada', 10015),
(2014, 'New Hampshire', 10006),
(2014, 'New Jersey', 10022),
(2014, 'New York', 10028),
(2014, 'North Carolina', 10011),
(2014, 'North Dakota/South Dakota', 10029),
(2014, 'Ohio', 10020),
(2014, 'Oklahoma', 10014),
(2014, 'Oregon', 10007),
(2014, 'Pennsylvania', 10015),
(2014, 'Tennessee', 10030),
(2014, 'Texas', 10023),
(2014, 'Vermont', 10001),
(2014, 'Washington/Idaho', 10009),
(2014, 'West Virginia', 10003),
(2014, 'Wisconsin', 10000),
(2014, 'Aruba', 10019),
(2014, 'New South Wales', 10032),
(2014, 'Australia Queensland', 10027),
(2014, 'Bolivia', 10026),
(2014, 'Canada', 10018),
(2014, 'Philippines', 10013),
(2012, 'Alabama', 10019),
(2012, 'Alaska', 10015),
(2012, 'Arizona', 10036),
(2012, 'Arkansas', 10001),
(2012, 'California', 10027),
(2012, 'Colorado', 10026),
(2012, 'Connecticut', 10025),
(2012, 'Florida', 10038),
(2012, 'Georgia', 10030),
(2012, 'Hawaii', 10001),
(2012, 'Iowa/Minnesota', 0),
(2012, 'Illinois', 0),
(2012, 'Indiana', 10039),
(2012, 'Kansas', 10024),
(2012, 'Kentucky', 10021),
(2012, 'Louisiana', 0),
(2012, 'Maine', 10035),
(2012, 'Maryland', 0),
(2012, 'Massachusetts', 0),
(2012, 'Michigan', 10032),
(2012, 'Mississippi', 10040),
(2012, 'Missouri', 10041),
(2012, 'Montana', 0),
(2012, 'Nebraska', 10011),
(2012, 'Nevada', 0),
(2012, 'New Hampshire', 10033),
(2012, 'New Jersey', 10042),
(2012, 'New York', 10029),
(2012, 'North Carolina', 10043),
(2012, 'North Dakota/South Dakota', 10024),
(2012, 'Ohio', 0),
(2012, 'Oklahoma', 10042),
(2012, 'Oregon', 10011),
(2012, 'Rhode Island', 10019),
(2012, 'South Carolina', 10040),
(2012, 'Pennsylvania', 0),
(2012, 'Tennessee', 10023),
(2012, 'Texas', 10028),
(2012, 'Vermont', 0),
(2012, 'Virginia', 10043),
(2012, 'Washington/Idaho', 10030),
(2012, 'West Virginia', 0),
(2012, 'Wisconsin', 10039),
(2012, 'Aruba', 10018),
(2012, 'Australia New South Wales', 0),
(2012, 'Australia Queensland', 0),
(2012, 'Bolivia', 10013),
(2012, 'Brazil', 10037),
(2012, 'Canada', 10023),
(2012, 'Philippines', 0);

-- --------------------------------------------------------

--
-- Table structure for table `ritual`
--

CREATE TABLE IF NOT EXISTS `ritual` (
  `name` varchar(50) NOT NULL,
  `initiated` varchar(20) NOT NULL,
  `office` varchar(50) NOT NULL,
  `go` varchar(60) NOT NULL,
  `master` int(11) NOT NULL,
  `category` varchar(20) NOT NULL,
  `bow` varchar(20) NOT NULL,
  `day` varchar(20) NOT NULL,
  `time` varchar(10) NOT NULL,
  `assembly` int(11) NOT NULL
) ENGINE=MyISAM DEFAULT CHARSET=utf8;

--
-- Dumping data for table `ritual`
--

INSERT INTO `ritual` (`name`, `initiated`, `office`, `go`, `master`, `category`, `bow`, `day`, `time`, `assembly`) VALUES
('Alyssa Epperson', '3/2013', 'Nature', 'Page', 0, 'Bow', 'Nature', '6-17-2014', '1:30', 18),
('Shar Weehunt', '10/2013', '', '', 0, 'Beginning', '', '6-17-2014', '1:30', 18),
('Erica Jessen', '', 'WAA', 'Grand Service', 0, 'Grand', '', '6-17-2014', '1:30', 18),
('Janna Morrision', '6-21-2012', 'Immortality', 'Page', 0, 'Bow', 'Immortality', '6-17-2014', '1:00', 58),
('Cassidy Helgeson', '3-8-2014', '', '', 0, 'Beginning', '', '6-17-2014', '1:00', 58),
('Faith Schifani', '6-18-2009', 'WA', 'Grand Rep', 1, 'Grand', '', '6-17-2014', '1:00', 58),
('Ariana Collins', '6-23-2005', 'Musician', 'PGWA', 0, 'Supreme', '', '6-17-2014', '1:00', 58),
('Alexa Templeton', '12-3-2005', 'Service', 'Grand Charity', 0, 'Supreme', '', '6-17-2014', '1:00', 58),
('Serena Bennett', '6-18-2011', 'Hope', 'Grand Rep', 0, 'Floor', '', '6-17-2014', '1:00', 58),
('Emily Grindell', '5-18-2011', 'Patriotism', 'Page', 0, 'Bow', 'Patriotism', '6-17-2014', '1:00', 58),
('Ashley Balke', '4-23-2014', 'Affiliated', 'Grand Love', 1, 'Grand', '', '6-17-2014', '1:00', 58),
('Jessica Campbell', '6-18-2009', 'DL', 'Grand Drill Leader', 1, 'Grand', '', '6-17-2014', '1:00', 58),
('Britney Evans', '9-16-2009', 'Love', 'Grand OO', 0, 'Bow', 'Love', '6-17-2014', '1:00', 58),
('Jessica Grindell', '11-7-2007', 'Chaplain', 'Grand Immortality', 0, 'Grand', '', '6-17-2014', '1:00', 58),
('Briana Collins', '2-7-2010', 'Charity', 'Grand Rep', 0, 'Grand', '', '6-17-2014', '1:00', 58),
('Sarah Grindell', '6-18-2009', 'WAA', 'Grand Rep', 0, 'Grand', '', '6-17-2014', '1:00', 58),
('Serena Bennett', '6-18-2011', 'Hope', 'Grand Rep', 1, 'Grand', '', '6-17-2014', '1:00', 58),
('Katie Budde', '2-3-2013', 'Nature', 'Escort', 0, 'Bow', 'Fidelity', '6-17-2014', '10:00', 60),
('Karianna Brisco', '2-23-2013', 'Love', '', 0, 'Bow', 'Love', '6-17-2014', '10:00', 60),
('Adrianna Constant', '4-28-2013', 'Patriotism', 'Page', 0, 'Bow', 'Patriotism', '6-17-2014', '10:00', 60),
('Adrianna Constant', '4-28-2013', 'Patriotism', 'Page', 0, 'Bow', 'Fidelity', '6-17-2014', '10:00', 60),
('Amber Constant', '11-21-10', 'Faith', 'Grand Rep', 0, 'Grand', '', '6-17-2014', '10:00', 60),
('Morgan Blair', '3-10-2012', 'WAA', 'Grand Rep', 0, 'Floor', '', '6-17-2014', '10:00', 60),
('Karianna Brisco', '2-23-2013', 'Love', '', 0, 'Bow', 'Religion', '6-17-2014', '10:00', 60),
('Cheyeanna Graves', '', '', '', 0, 'Grand', '', '6-17-2014', '10:00', 60),
('Charlotte Fritz', '2-15-2014', '', 'Escort', 0, 'Beginning', '', '6-17-2014', '1:00', 62),
('Krystie Arambula', '3-26-2011', '', '', 0, 'Grand', '', '6-17-2014', '1:00', 62),
('Carley Casey', '3-26-2011', '', '', 1, 'Supreme', '', '6-17-2014', '1:00', 62),
('Autumn Hunte', '10-14-2006', '', '', 0, 'Grand', '', '6-17-2014', '1:00', 62);

-- --------------------------------------------------------

--
-- Table structure for table `term`
--

CREATE TABLE IF NOT EXISTS `term` (
  `year` int(11) DEFAULT NULL,
  `description` varchar(75) DEFAULT NULL,
  `details` text
) ENGINE=MyISAM DEFAULT CHARSET=utf8;

--
-- Dumping data for table `term`
--

INSERT INTO `term` (`year`, `description`, `details`) VALUES
(2015, 'Theme', 'Cherish the Moments'),
(2015, 'Colors', 'Cobalt Blue, Magenta, Shell Pink, and Ivory'),
(2015, 'Symbols', 'Clocks, Hour Glasses, and Dragonflies'),
(2015, 'Fun Symbols', 'Picture Frames'),
(2015, 'Motto', '&ldquo;Live for today, love for tomorrow and laugh at all your yesterdays. Never regret the past, always hope for the future, and cherish every moment you have&rdquo;'),
(2015, 'Flowers', 'Red Roses, Blue Forget-me-nots, and Baby''s Breath'),
(2015, 'Scripture', '&ldquo;She is clothed in strength and dignity and she laughs without fear of the future.&rdquo; &mdash; Proverbs 31:25'),
(2015, 'Favorite Things', 'Piggy banks and Clocks'),
(2015, 'Honor Stations', 'Love, Immortality, Faith, and Hope'),
(2015, 'Special Music', '&ldquo;Dream&rdquo; by Priscilla Ahn,<br> \r&ldquo;The Rose&rdquo; by Bette Midler, <br>\r&ldquo;Time in a Bottle&rdquo; by Jim Croce'),
(2015, 'Special Service Projects', 'Autism Speaks'),
(2015, 'Grand Assembly Projects', 'Susan G. Komen Breast Cancer Foundation<br>\rRainbow Girls Foundation of NM<br>\rGeneral Grand Assembly Fund<br>\rThe Sunset Gazette<br>'),
(2014, 'Theme', 'Paint your Rainbow &mdash; &ldquo;Be the Change&rdquo;'),
(2014, 'Colors', 'Pastel Blue, Violet, Forest Green and Soft Yellow'),
(2014, 'Symbols', 'Feather Quill/Paint Palette &ndash; <br><sp> Representing the power we have to write and point our own futures.<br> Candle/Lantern Light &ndash; Representing the light of God <br>\r Owls &ndash; Representing wider perspective, wisdon and courage <br> \rHorses &ndash; Representing free spirit. <br>\r Four Leaf Clovers &ndash; Representing L-U-C-K'),
(2014, 'Fun Symbols', 'Pocahontas'),
(2014, 'Motto', 'L-U-C-K ~ I wish you: <br> \rLove, Understanding, Compassion and Kindness<br> your whole life through.<br>\rMay you know love and be loved. <br> \rMay you always be understanding of others and be understood. <br>\rMay all of your deeds be filled with compassion\r and kindness<br> and  your heart feel compassion and kindness through your life''s journey.'),
(2014, 'Flowers', 'Daffodils, Iris, White Cala Lilies, and Red Roses'),
(2014, 'Scripture', 'John 4:7 Beloved, let us love one another, for love is of God; <br>\rand everyone who loves has been born of God, and knows God.'),
(2014, 'Favorite Quotes', '&ldquo;Be the changes you want to see in the world&rdquo; &ndash;Gandhi <hr>\r&ldquo;I alone cannot change the world, but I can cast a stone across the waters<br>\rto create many ripples.&rdquo; &ndash;Mother Teresa<hr>\r&ldquo;If you judge people, you have notime to love them to love them.&rdquo; <br>\r&ndash;Mother Teresa<hr>\r&ldquo;If your actions inspire other to dream more, learn more, <br>\rdo more and become more, you are a leader.&rdquo;&ndash;John Qincy Adams<hr>\r&ldquo;Live, Laugh, and Love Everyday&rdquo;<hr>\r&ldquo;Home is where the heart is&rdquo;'),
(2014, 'Special Music', '&ldquo;When You Pray&rdquo;, &ldquo;Amazing Grace&rdquo;, <br>\r&ldquo;The Rose&rdquo; by Bette Midler, <br>\r&ldquo;Nearer my God to Thee&rdquo;, &ldquo;You Raise Me Up&rdquo;, &ldquo;In the Garden&rdquo;,<br>\r&ldquo;God Bless the USA&rdquo; by Lee Greenwood, &amp;<br>\rPocahontas songs: <br>\r&ldquo;Listen to Your Heart-Mother Willow&rdquo; and &ldquo;Colors of the Wind&rdquo;.'),
(2014, 'Special Service Projects', 'Drawing for an Orignial Painting by Sabra Humphrey, <br>\rPast Grand Matron and Serina Pack, Grand Worthy Advisor <br>\rto benfit the Rainbow Girls Foundation of New Mexico<hr>\rGiving Hands Mural<hr>\rEncourage membership growth, statewide awareness of Rainbow and<br> connect more with our sponsoring bodies.'),
(2014, 'Special Projects', 'The Sunset Gazette<br>\rMcCarter-Romero Scholarship Fund<br>\rRainbow Girls Foundation of NM<br>\rGeneral Grand Assembly Fund<br>\rSusan G. Komen Foundation<br>'),
(2013, 'Theme', 'Make a Difference'),
(2013, 'Colors', 'Deep Coral, Golden Yellow, Aqua, and Kiwi Green'),
(2013, 'Symbols', 'Butterflies, Crosses, Crystal World Globes, and Doves'),
(2013, 'Fun Symbols', 'Ballet Shoes, Tiaras, and Belle'),
(2013, 'Motto', 'Embrace yoour dreams, follow your heart, cherish your life'),
(2013, 'Flowers', 'White daises, white tulips, pink peonies, and sunset orange roses'),
(2013, 'Scripture', '"Love is patient, love is kind. It does not envy, it does not boast, it is not proud. It is not rude, it is not self-seeking, it is not easily angered, it keeps no record of wrongs. Love never fails" ~1 Corrinthians 13:4-5, 8'),
(2013, 'Special Music', '"The prayer", <br> " I Dream a World",<br> "Go Light Your World", <br> "We Are the World"'),
(2013, 'Special Service Projects', 'Alzheimer''s Association <br> Peanut Butter and Jelly Family Services <br> Animal Humane Society of New Mexico'),
(2013, 'Special Projects', 'The Sunset Gazette <br> McCarter-Romero Scholarship Fund <br> Rainbow Girls Foundation of NM<br>General Grand Assembly Fund <br> Susan G. Komen Foundation<br>'),
(2012, 'Theme', 'Reach for the Stars'),
(2012, 'Colors', 'Royal Purple, Lilac, and Silver'),
(2012, 'Symbols', 'Stars, Shooting stars, Castles, Swans, Celtic Crosses, and Shamrocks'),
(2012, 'Fun Symbols', 'Ducks'),
(2012, 'Motto', '"A dream you dream alone is only a dream, but a dream we dream together is reality". John Lennon <br> "Some men see things as they are and say why - I dream things that never were and wonder why not". George Bernard Shaw'),
(2012, 'Flowers', 'Red Roses, White Lilies, Lilaces and Purple Forget-Me-Nots'),
(2012, 'Scripture', '"So we focus our eyes not on what is seen, but what is unseen is eternal". 2 Corinthians 4:18'),
(2012, 'Special Music', '"When You Wish Upon a Star" <br> "I Hope You Dance" <br> "You Raise Me Up"'),
(2012, 'Special Service Projects', 'American Heart Association <br> Backpacks for Joy Junction <br> Rainbow Membership'),
(2012, 'Special Projects', 'The Sunset Gazette <br> McCarter-Romero Scholarship Fund <br> Rainbow Girls Foundation of NM<br>General Grand Assembly Fund <br> Susan G. Komen Foundation<br>'),
(2011, 'Theme', 'Take the Lead'),
(2011, 'Colors', 'Shades of Blue, Turquoise, and Silver'),
(2011, 'Symbols', 'Sea Shells, Pearls, Dance Shoes, Music Notes, and Trumpets'),
(2011, 'Fun Symbols', '"Ariel" the Little Mermain, and "Under the Sea"'),
(2011, 'Motto', '"Go confidently in the direction of your dreams, Live the life you have imagined" - Henry David Thoreau'),
(2011, 'Flowers', 'Lilies, Orchids, Blue Iris, White Roses, and Cherry Blossoms'),
(2011, 'Honor Stations', 'Love, Nature, Chaplain, and Charity'),
(2011, 'Scripture', '"Blessed are the pure in heart, for they shall see God." Matthew 5:8'),
(2011, 'Special Music', '"Part of Your World"<br>"The Prayer"<br>"I Dreamed a Dream"'),
(2011, 'My Favorite Things', 'Candle holders, and Silver serving pieces'),
(2011, 'Special Service Projects', 'Animal Humane Society of New Mexico<br>\rSusan G. Komen Foundation'),
(2011, 'Special Projects', 'The Sunset State Recorder <br> McCarter-Romero Scholarship Fund <br> Rainbow Girls Foundation of NM<br>General Grand Assembly Fund '),
(2010, 'Theme', 'Believe'),
(2010, 'Colors', 'Red and Gold'),
(2010, 'Symbols', 'Rainbows, Doves, Angels, Butterflies'),
(2010, 'Fun Symbols', 'Dragons, Fairies, Oriental Fans'),
(2010, 'Motto', 'Smile a ray of Sunshine<br>\rLaugh a bright bouquet<br>\rSing a pretty Rainbow<br>\rDream a happy Day'),
(2010, 'Flowers', 'Every Flower in Every Color'),
(2010, 'Honor Stations', 'Love and Immortality'),
(2010, 'Scripture', 'Ecclesiastes 3 "There is a  time for everything" &amp;<br>\r I Corinthians 13:4-7 "Love is Patient. Love is Kind"'),
(2010, 'Special Songs', '"Amazing Grace"<br>\r"Lord of the Dance"<br>\r"The Rainbow Connection"<br>\r"Believe" from the Polar Express'),
(2010, 'China Pattern', 'Fiesta Ware, every color'),
(2010, 'Special Projects', 'Make a Wish Foundation<br>The Sunset State Recorder <br> McCarter-Romero Scholarship Fund <br> Rainbow Girls Foundation of NM<br>General Grand Assembly Fund ');

-- --------------------------------------------------------

--
-- Table structure for table `users`
--

CREATE TABLE IF NOT EXISTS `users` (
  `id` int(11) NOT NULL AUTO_INCREMENT,
  `username` varchar(255) COLLATE utf8_unicode_ci NOT NULL,
  `fullname` varchar(60) COLLATE utf8_unicode_ci NOT NULL,
  `password` char(64) COLLATE utf8_unicode_ci NOT NULL,
  `salt` char(16) COLLATE utf8_unicode_ci NOT NULL,
  `token` varchar(64) COLLATE utf8_unicode_ci NOT NULL,
  `email` varchar(255) COLLATE utf8_unicode_ci NOT NULL,
  PRIMARY KEY (`id`),
  UNIQUE KEY `username` (`username`),
  UNIQUE KEY `email` (`email`)
) ENGINE=InnoDB  DEFAULT CHARSET=utf8 COLLATE=utf8_unicode_ci AUTO_INCREMENT=13 ;

--
-- Dumping data for table `users`
--

INSERT INTO `users` (`id`, `username`, `fullname`, `password`, `salt`, `token`, `email`) VALUES
(1, 'joyncassie', 'Joy Scott', '8034ad4e4b98b74e626a3fc38e88d99b1bbafc5f185b459e8e14da8ef7b477c6', '17630a6c612b887e', '0', 'joyfitz@mac.com'),
(2, 'keilynwriggit', 'Keilyn Wright', 'e25b284ea3ac85427f35cb441fc5535ac80f87ad0ac7fa25afac9893f16a9ba4', '7a53c139333f210', '0', 'keilynwriggit@yahoo.com'),
(3, 'RainbowMA', 'Mrs. MA Rainbow', '5f65380cc03412bb87f4374eaa5d686b3b402a07225212d3a3dbdd5d09bc30c8', '4b590fb81b5d3e69', '0', 'joyfitz@me.com'),
(4, 'Phoebe', 'Phoebe Wright', '1bd446611727f07250683eee7e340787e6d9573715134a1d3b4397c9766935fc', '240d1a98295402d8', '0', 'epwright@cableone.net'),
(6, 'Sabrina Pack', 'Sabrina Pack', '7d7d4ec6875a518ce7929c6fd31bf93cdb73f78c28ef953e4904041ad2c9fb5f', 'e01f9a575ab8d6', '0', 'sabrina@silvercityradio.com'),
(8, 'MA JACI', 'JACALEE CROSSWHITE', '58aacd69f9085ad995367d3f9c22bce4989a55ed440f38ebefcc6d29dac82d04', '41805d6b1e57bfd4', '0', 'TJAUTOSUPPLY@QWESTOFFICE.NET'),
(9, 'k.budde#60', 'katelyn budde ', '846996b281bc1bf9e1111cbc982eefccf9bde788c43d7018b56e6cf58309516b', '620bd6f977b4d7b7', '0', 'katelynbudderocks@gmail.com'),
(10, 'pjsat', 'Paula Satterfield', 'e0e4789814809c2270697dec62ceef244d58f7edeb71e25b8f5a40cb24d4cf7f', '23a2707c6c098cd3', '0', 'pjsat@juno.com'),
(11, 'ctandrews', 'Coren Andrews', 'bbbee35bb10d46d8a5466202cc8dd9bb114e13067220a1f2dee2ee9b4b81bf81', '721d0e1f5f342246', '0', 'ctandrews@verizon.net'),
(12, 'Cappy', 'Catherine M. Smith', 'f8eeda6d17d9dfe030cdf60bc78b6f9eafe2bc161e2262c7adc6c470dc323c3e', '26af32a55541a7a2', '0', 'catherinesmith1212@hotmail.com');
